word,coefficient
00,-0.03303110917083367
000,-0.14355633176816365
10,-0.11943444416354826
100,0.23447613082857713
100mg,-0.020622136482920394
10am,-0.12742972830122343
10mg,-0.35303913746253235
11,0.14195057088736954
12,0.5651917266242997
13,0.27127278475751115
14,-0.033950930442263307
15,0.07217815483006362
1500,-0.0630801535807683
150mg,-0.02652894625608099
15mg,-0.034744280004936554
15th,-0.18972332400374167
16,0.002215562941648495
17,-0.05266676988793843
18,0.040962968948482226
180,-0.004542834707195846
18mg,-0.20279384329780742
19,-0.022050680771777208
1st,0.00398763198311724
20,-0.323004864281241
200,-0.0012207392876731453
200mg,-0.04984336341553562
2013,0.041785917076674464
2016,0.013160186853244436
2018,0.00588856385013946
2019,-0.11737589545796177
2020,0.10646107017004118
2021,5.4067224681079307e-05
20mg,-0.30583457413158055
20s,-0.18657845442166457
21,0.09733370913518821
22,-0.1199572491901847
22f,-0.004191260517186185
23,-0.03676693901300109
24,0.12699872409317448
25,0.044911708903984306
26,-0.08865945380051805
27,-0.009171810194346541
27f,-0.033105184204631
28,-0.008843414560999309
28m,0.0547417193602513
29,0.07219752709785698
2am,-7.099001013600057e-05
2nd,-0.03981723723938051
2x,-0.050372242724733486
30,-0.17325548299299484
300,-0.048468720606057294
30am,-0.030592350784319385
30mg,-0.25482635749553173
30s,-0.10259645019565868
34,-0.06055030090496259
35,-0.0374140920623269
36mg,-0.15473518206596407
3am,-0.036769630974056805
3rd,-0.022685520910260062
40,0.15722375470374161
40mg,-0.022015704262808685
45,0.01379323077172218
4th,0.01373366940601765
50,0.013828040518039668
50mg,0.07036811820009414
5mg,0.25022542785106694
5pm,0.014289400865267102
5th,-0.009317428643109105
60,-0.004624399382311024
6am,-0.049424922218083575
6th,0.11721590196572923
7am,-0.015679055724654514
8pm,0.00645161800962132
8th,-0.19930172033756657
90,-0.019533653651846103
95,0.00028374499678103586
99,-0.10138627671391362
ab,-0.06902506395078209
abilify,-0.0025691216636241623
ability,-0.1724789924023588
able,-0.29639196789053046
abroad,-0.0015267406104650125
absolute,-0.22050310579608154
absolutely,-0.17273699310807067
absorb,-0.16063561126891257
abstain,0.006587120221911612
abstract,0.04706172877792509
absurd,0.10382681336389435
abt,0.18821618166595291
abuse,-0.03584223735054655
abusive,-0.03729889498603865
academic,-0.00022513778722369474
academically,-0.0182973243116325
accept,0.29939067161333754
acceptance,-0.024134034318787873
accepting,-0.0057942955063761395
access,-0.14955284252300985
accident,0.04817531129231695
accidentally,0.23189688716324497
accommodate,-0.1732102874818451
accommodation,-0.04572589630634995
accompany,-0.024923756791083926
accomplish,0.20628829126195233
accomplishment,-0.022868461852906096
accord,-0.050764913531542714
account,0.0007591711332736572
accountability,-0.35581839293667855
accountable,0.004395725129118592
accumulate,0.010024721260953884
accurate,-0.08183244363655887
ache,0.08336850826371382
achieve,-0.15565404447609668
acid,-0.2594775841866631
acknowledge,0.28805899798303286
act,0.29089567655689236
acting,-0.008432532663453406
action,0.04589990569975934
active,-0.04393196925832411
actively,-0.08111094762848013
activity,-0.13579823439674957
actual,0.03485184777166893
actually,-0.08273417961664326
ad,-0.06838781020457141
add,-0.47624842542764945
adderal,-0.13855975950072064
adderall,-1.2338582681811188
addict,-0.18639165727249266
addiction,0.11635303564094004
addition,-0.19347353677102594
address,-0.16213481772763003
adequately,-0.0010391029521966849
adjust,0.010440658676154999
adjustment,-0.0063747253121579925
admit,0.09848928232819977
adopt,0.0005117908997529512
adult,-0.46167672694765016
adulthood,-0.0022771825115131773
advance,0.05101682022526847
advantage,-0.17880113177428103
advice,-0.08726080297677491
advisor,-0.07519471674208401
affect,-0.4044672691570366
affirmation,0.051728477554658606
afford,-0.05343338193060669
afraid,0.5180897900718683
afternoon,0.12910199146334328
age,0.15653951622773937
ago,-0.18899332602570082
agree,-0.18199429798838554
ahead,0.1264064519347693
aid,0.12167733326161866
aim,-0.006100873566918068
air,-0.028090212684656467
aka,0.00723155704952025
alarm,0.010294270708275266
albeit,-0.0020524740439973265
alcohol,0.20241649972019696
alcoholic,0.15283251607118853
alien,0.00023517326896845204
align,0.09492002145206237
alive,0.1192416317996805
allergic,-3.6390256846048e-05
allot,-0.09550032936118209
allow,0.1133388645315707
ally,0.043386886970752304
alot,0.0872800476270558
aloud,-0.021695582928932214
alright,-0.12456268457892995
alter,0.04897924395805312
alternative,-0.003635342688626515
altogether,0.05762688815898322
amaze,-0.09868750793397367
amazing,-0.19687332311899153
amazingly,-0.10056952584700121
amazon,0.08898663942051202
amp,0.32166926290746506
amphetamine,-0.03548916269783382
amplify,-0.014462110655047548
anafranil,0.2789012481971578
analyze,-0.0037378475018418596
angel,0.025952741870894244
anger,-0.18095949423147292
angry,0.12072174559809658
animal,0.028315094143453227
anime,0.10890438334778822
annoy,0.09651357560854978
annoyed,-0.31716194634251355
annoying,-0.022712079873905545
anorexia,0.023821693897128595
answer,-0.1639794446497302
anti,-0.17082831003012725
antidepressant,-0.13855288240900043
antipsychotic,0.1544341521915443
anxiety,0.47642642612254316
anxious,0.35130090370437655
anxiousness,-0.08777468544003383
anybody,0.27838665186683664
anymore,0.12242689130129115
anytime,0.04387729255379607
anyways,-0.046712409705452776
apart,-0.14283531728574891
apartment,-0.2651381145847559
apnea,-0.03880826620222085
apologise,0.15489448713817436
apologize,0.10752707267776072
apology,0.007372037235072817
app,-0.42427848989305916
apparent,0.050538490071619695
apparently,0.23533067575189123
appeal,-0.11571977132552404
appear,0.12267346510860672
appearance,-0.014666993593496009
appetite,-0.4679082243712004
apple,-0.05973333572466466
application,-0.02481487710581034
apply,-0.1695355257295919
appointment,-0.14120882681922117
appreciate,0.06436930695222481
appreciated,0.022755632847557664
approach,-0.28777455935668955
appropriate,-0.14952476514271978
appropriately,-0.05973102188341421
approve,0.06683944934484523
apps,-0.3699299029531037
appt,-0.07686222182036577
april,-0.08702730803383311
apt,-0.14461172152341278
area,0.21276521686844355
arent,0.0011971978709758827
argue,0.10355290436890181
argument,0.3149644773016194
arm,-0.1554278364753514
army,-0.09368072904831491
arousal,0.1915329804627968
arouse,0.5452639828032885
arrest,0.24174086756271668
arrive,-0.012916240292409013
art,0.050708603204496584
article,-0.2019268600700228
artist,0.15121610880806918
asap,0.051965608192995436
asd,0.0071134056337420325
asexual,0.0018095645878180614
ashamed,0.2789431116810661
aside,-0.2234747870038443
ask,0.08460868054978024
asleep,0.31964248502504067
aspect,0.05068966079704455
assault,0.029053718150785588
assess,-0.44159744932414985
assessment,-0.44539037744455134
asshole,-0.05490267070257237
assign,-0.04447299051759362
assignment,-0.19014357822237207
assistant,-0.07058469615004412
associate,0.058452983199163096
assume,-0.08473917463715083
assure,0.0890127759705487
ate,-0.011379452090892398
atomoxetine,-0.268137667741138
attach,-0.000370546410175704
attack,-0.18412423368143305
attempt,0.06157974882199464
attend,-0.06629480483010862
attendance,0.07767638874129698
attention,-0.12156949425389438
attitude,-0.06660257126481596
attract,0.409051210802527
attracted,0.017668560463114547
attraction,0.21820880389629269
attractive,0.14742951208840926
attribute,-0.05501905409598343
audio,-0.12879997664097742
auditory,-0.0007889973938359519
august,0.0024810167912891474
author,0.0029598131708753533
authority,-0.1323562667434084
autism,0.14503391354521952
autistic,-0.08099920595001857
auto,0.04151850646300258
automatically,0.12698521506855148
avail,-0.053023954129939835
available,-0.058290174802546876
average,0.051938782320901954
avoid,0.25442207812001727
avoidance,0.2240280287759907
awake,-0.20871030934418128
aware,0.00896476103945333
awareness,-0.13580942972753257
away,-0.1736726799115802
awesome,-0.23234657210235024
awful,0.10569959215641793
awhile,0.24361902855160386
awkward,-0.14104816983723376
b12,0.004609019934099071
baby,0.3214925700320201
background,0.12324605381247794
backstory,0.11216602693356212
bacteria,0.10365453845135303
bad,0.4145686259106958
badge,-0.052421450025268296
badly,-0.0407446190292967
bag,0.039215507709449586
balance,-0.08757479149615921
ball,0.08685985642724377
ban,-0.20728317488339498
band,-0.1808276593464253
bank,-0.1603019544556779
bar,0.040839430934099794
bare,0.049959039470968504
barely,-0.19603390577419436
barrier,0.06070899947295926
bartender,0.04180551891798098
base,0.26278249160941275
basic,-0.20202145102348817
basically,-0.4543273367772839
basis,-0.040419926847517246
bat,0.005904330665016273
batch,0.004383579942061186
bathroom,0.06678768908511849
battle,0.22219345333920368
bay,0.11874602451966915
bc,-0.16438112837729582
beach,-0.1483906227740285
bear,-0.08874228536970018
beat,0.006889599404064121
beautiful,0.07652411355730313
bed,-0.03476363290576946
bedroom,-0.19131822962264985
bee,0.04579977439707624
beg,0.08349309552408372
begin,0.13057295877016958
beginning,-0.0622485646550577
behave,0.1659798729755949
behavior,0.1889529679602343
behavioral,-0.05074693341088431
behaviour,-0.10687763614382655
belief,-0.28198697346356755
believe,0.0748157775722397
belive,0.035272851160729805
belly,0.015363503747737404
belong,-0.033927932695572136
belonging,0.14807697608788412
beneficial,0.1412711462178503
benefit,-0.14537626765302838
best,0.12963619589640948
bet,0.040940042030621175
betray,-0.05054570922049458
better,0.1125345530456323
bf,-0.07378646402291024
bi,0.13144674113093074
bias,-0.03170587590276125
big,-0.14430523900970002
bin,-0.14783352310797043
binge,-0.17777742571186933
biology,-0.10877089564950256
bipolar,-0.30440369703722814
birth,0.09624594916668462
birthday,0.06627847756499336
bisexual,4.2981712319883045e-05
bit,-0.30121397540945327
bitch,0.01117303988093863
bite,-0.10669619007848705
bizarre,-0.2518701856345426
black,0.1816936530893394
blah,0.23304365904605653
blame,0.04939027815736344
blank,-0.0824826585512939
blanket,-0.02896811264803669
bleed,-0.048825750549502084
blend,0.03618683271577863
blind,0.1931284573114862
blindness,-0.12708896909613976
blink,0.04140527762534219
block,0.026810271594937513
blood,-0.17299975830231082
blow,-0.18331556437660101
blown,0.05317817925832714
blue,0.03652213392177651
blurry,-0.07485089862012485
blurt,-0.08093692742398254
board,0.013449789864314476
bodily,0.05742139853325981
body,0.1134985035413773
boil,0.015398394375262107
bone,-0.09578830164491156
boo,0.07198661508818693
book,-0.4938424945403844
bookmark,-0.10832377030539972
boom,-0.00988594565859965
boost,-0.15890133566105766
booze,-0.027955345656411026
border,0.03867896008207227
borderline,0.007093308940725696
bore,-0.6739793592317979
bored,-0.13238128092612964
boring,-0.16965968442763257
bos,0.14019315923221143
boss,-0.0014984345676699545
bother,0.108534677491345
bottle,-0.003709047704258754
bounce,-0.041116681440754095
boundary,-0.11716218401748357
bout,0.05645828593484609
box,0.10816244106038117
boy,0.11217702828209954
boyfriend,0.2502451512327446
bpd,0.04950960451020543
brain,-0.023779060748579044
brand,0.05096498308413668
break,-0.07212472049459906
breakdown,0.28695006629200903
breakfast,-0.27205087382280896
breakup,0.09901117013360584
breath,-0.05953689774262799
breathe,-0.1925243412851271
breathing,0.20583462140480457
bridge,-0.1799501684248678
brief,0.04236455152178706
briefly,0.03985347061971564
bright,0.038098636034858434
bring,-0.5073586143561011
bro,0.09986030309935578
broken,-0.007350155806468233
brother,0.13054365137283908
brown,0.04163467773440004
browse,-0.25663741753029
browser,0.060234416069823285
brush,-0.07564208026032819
btw,0.0652867215274386
buddy,-0.2459491496462285
budget,-0.010828519287804863
bug,-0.008442808561519171
build,0.18634049157021668
building,-0.04220489052112889
bullet,0.0009789642428722426
bullshit,-0.032959649988298624
bully,-0.06511466593896925
bum,0.006284568266038049
bump,0.18582070584162866
bunch,0.0753683527473991
burden,0.2149993716608013
burn,-0.13231641832868318
burnout,-0.009740804579429602
burst,-0.014492126761667902
bury,-0.00045750451925087886
bus,0.03228381782735307
business,0.13227987367291166
busy,0.20941816499402002
butt,-0.06419932248491046
butter,0.02901180414652482
butterfly,-0.15210990964206356
button,-0.3500522375343022
buy,0.021298478896292102
cabinet,-0.11510596258460418
cable,0.07988546896247793
caffeine,-0.25856375034445905
calendar,-0.008356801038049946
calm,-0.0018764705460900906
calmer,-0.05552562750410031
calorie,-0.08870996521009919
camera,0.08934388990588324
campus,-0.09953926423814084
cancel,-0.14665170006609257
cancer,-0.024914369029456547
cap,0.02718572185508803
capable,-0.18298957926412257
capsule,-0.04845756836093427
car,-0.2182606622973176
card,0.05023007597850537
cardio,-0.0626164545410178
care,-0.12824067222141763
career,-0.19893563046705887
careful,-0.17690800856602967
careless,-0.06098488021785609
caring,0.0433163904384582
carpet,-0.03506601951344461
carry,0.11920059687641887
cart,-0.016971470897377477
cartoon,0.029984985389039237
case,-0.14992915918438862
cast,-0.039566706330380265
cat,0.08670677263418017
catch,-0.19260705081608667
category,0.02115026116703921
catholic,-0.014351797713270331
cause,0.46005910475337003
cbt,0.046048274878896886
ceiling,0.017222843640098993
celebrate,-0.2988560820377231
celebrity,0.031867893853740684
center,0.060597088241131636
certain,0.2569143450315647
certainly,-0.10783654723397507
certification,-0.0008453307882589258
chair,0.04251750606193591
chalk,0.00417664934811088
challenge,0.12974757669992862
chance,-0.2913092331017613
change,0.0817233276485046
changer,-0.011986899324820931
channel,-0.11611776971202196
chaotic,-0.0704375420923309
chapter,-0.0443990795513343
character,-0.09716174316387512
characteristic,-0.006145726061278588
charge,0.04772908986581635
charger,-0.11536258851830186
charity,0.008002530163874724
chase,0.03757172275676235
chat,0.24593567438165756
cheap,0.037296759680733454
cheat,0.32905429601654257
cheating,0.13397943015891198
check,0.33820059865058727
checking,0.03358490747972932
checklist,-0.006252413480924684
chemical,-0.049059121441952555
chemistry,-0.0029542042548105973
chest,-0.0059867060092467705
chew,0.22564194931982853
child,0.0990888799672876
childhood,-0.11769470418354291
chill,-0.12121910417322314
chip,0.04154052102201831
chocolate,0.01368781918116825
choice,-0.21044876252558964
choose,0.014521033069727777
chore,-0.048247712336958015
christian,0.04814003128719023
chrome,-0.007100910366145443
chronic,-0.287940553465566
circle,0.0067336521221122445
circumstance,-0.06404101210928995
city,-0.032399392905630264
ck,-0.019163077468533882
cking,0.0034286463386268783
claim,0.046004866812864476
clarify,-0.03151149561242291
clarity,0.016356977191809445
class,-0.6725971834359906
classmate,0.0038583181269453565
classroom,-0.04402080667306966
clean,-0.12101936362944002
cleaning,-0.14591568083724665
cleanliness,0.09990390114034112
clear,-0.052373291584131995
clearly,-0.41713090711401485
clench,0.004592784619772361
click,-0.2418531215325679
climax,0.00027587697219874375
climb,-0.0026158811844890365
cling,-0.008790609214370965
clinic,-0.1542921917012098
clinical,-0.03273662026764596
clinically,0.0016251610302426992
clock,0.08441428522265688
close,0.09433731827921055
closer,0.05223940152807475
closet,-0.11408976880225868
cloth,0.0337178199017324
clothes,-0.02635903267254337
clothing,0.07241729658363483
cloud,0.00452908375283666
clue,0.19990424262874057
cluster,-0.004335837549616833
clutter,-0.006782277470476221
coach,-0.16711201825053285
cod,-0.04869852491439406
coffee,-0.26253684027546775
cognitive,0.06463498548322827
coincidence,0.1059332287325808
cold,-0.1754976640578782
colleague,-0.017838347688298915
collect,-0.01971555870929866
college,-0.598318714062561
color,0.05716674594931109
com,-0.28003926623702546
combat,0.024325340049406636
combination,-0.06465434734927362
combine,-0.0013152964362852842
combined,-0.0007981184125265819
combo,-0.010031850657331016
come,-0.008795829218037326
comedown,-0.027070013583368382
comfort,-0.17066489980465926
comfortable,0.002251077904649827
comfortably,0.016058988007523207
comment,0.12278934092132661
commit,-0.03940502397048503
common,-0.33468040982612113
commonly,-0.20789594829415187
communicate,-0.3953021234166267
communication,-0.08049736565485154
community,-0.13697510093251433
company,0.23549461141053124
compare,-0.12022212451048643
comparison,-0.00027526183125692777
compel,-0.15100590627241686
compelled,0.07428285835698158
compensate,-0.25355192904335033
competency,-0.006101144715635591
complain,-0.013388051792366192
complaint,-0.03334162995922911
complete,0.3605854081925426
completely,0.4562393975598239
complex,-0.1361257773073197
complicated,-0.005060302960293768
complication,0.005703311470036798
compliment,0.07193702793548737
component,0.04605332446819027
compound,0.04715178611732013
comprehend,-0.1759674126468283
compulsion,1.4004442727564854
compulsive,0.34416914089088324
compulsively,0.05757543286105584
computer,-0.3772522474455047
concentrate,-0.31249070513209337
concentration,-0.06312473022668566
concept,-0.08595103198076502
concern,-0.1676380552862909
concerned,-0.16919403264612304
concerta,-0.8782398457620421
conclusion,0.04488362112160964
concrete,-0.027698345173611725
condition,-0.20299801980349377
conduct,0.09998116590187062
confess,0.2552881745382167
confession,0.0905288431793029
confide,0.041439387838381
confidence,-0.19255865155087107
confident,-0.20312436115639154
confirm,-0.038591618855683206
confirmation,0.10008660491252601
conflict,-0.027421242777471162
confront,-0.009971882756774774
confuse,0.18327428832709144
confused,-0.0012152903757638796
connect,-0.18322532793476248
connection,-0.32248062241360387
conscious,0.050063493589171774
consciously,-0.05707633267672372
consecutive,-0.053287331893879755
consent,0.0893377121238424
consequence,0.045675942903015965
conservative,0.001216281625877439
consider,-0.15537315629661247
considerate,-0.1337879566977404
consist,0.015279143304374349
consistent,-0.2145599627039147
consistently,-0.04984985194400441
console,0.042280839816388256
constant,-0.02935816159820744
constantly,0.06572199740908558
consult,0.051224576983383875
consultation,-0.26697809084711677
consume,0.17026508835697607
contact,0.16932708824628467
contain,-0.10624565445568217
container,0.035740072763021394
contaminate,0.1421092664499448
contaminated,0.006720945306160215
contamination,0.4097197984999583
content,-0.13967328855451908
context,-0.42778611629073543
continually,0.04039078903917494
continue,0.10283621138737774
contract,0.07046756110804224
contribute,0.15915741682590384
control,0.14220419603489518
controlled,-0.0009645755405462936
conversation,-0.24895839895433708
convince,0.4585084664540128
convinced,0.11918930865905615
convo,-0.061162558806862194
cook,-0.19896954617297544
cooking,-0.025894140857862083
cool,0.018880551727050394
cop,0.0031357954816491084
cope,-0.09367763535252308
coping,0.00024844410167337903
copy,-0.21196477083165052
core,0.005205227002419115
corner,-0.07673620413431288
correct,0.25455696631981967
correctly,0.021423343893083386
correlate,0.12859136628798248
correlation,0.014432162408006124
cost,0.10246665791678185
couch,-0.028064285547345684
counsel,0.060959689535789285
counsellor,-0.0409175535136404
counselor,0.04426029304482666
count,0.2887240949085873
counter,0.07658971700070921
counteract,0.03299453097516654
counting,0.029985184934917437
countless,0.004876867455208558
country,-0.3311530766636865
couple,0.5816290961678442
course,-0.14724819638827463
cousin,0.003666456486907468
cover,0.1976609212749692
coverage,-0.006000092520024462
covid,-0.4213531745938978
coworker,0.008704994412774976
coworkers,-0.016395589804412535
crack,0.037298641381167646
crap,-0.200114451859062
crappy,0.021862135042943872
crash,-0.2880765365958112
crave,0.0017279745100494655
crawl,-0.09607024211810021
crazy,-0.17877848684924227
create,-0.007228825914982204
creative,-0.3840432068710508
creature,0.001835845577098639
credit,-1.256527277401105e-05
creep,0.18283485667658222
creepy,0.049637803837632256
crime,0.16485020530498432
criminal,0.14047066955270365
cringe,0.05366910432852943
cripple,0.02648780342167723
criterion,0.015497304838520796
criticism,-0.11636524776438995
criticize,0.10322709605518726
cross,0.13252546119569614
crumble,-0.02753960779442151
crush,-0.351979351990388
crystal,0.001037636675897771
cu,-0.03943081154264741
cuddle,0.007486359162882963
cue,0.04684897464079564
culture,-0.16786588327865837
cup,-0.020378321889001353
cure,0.08761193695210207
curious,0.11441846606440768
curl,-0.14467528367320687
current,0.4442397683742533
currently,-0.30898975572219367
curse,0.09986043493682072
customer,0.05234224626789063
cut,0.24031238098355065
cute,0.19016411539738082
cuz,0.42724652947914465
cv,0.0513908858721924
cw,-0.08507546252467775
cycle,-0.02075526463488273
dad,0.21846934646011978
daily,-0.1160079954232672
damage,0.06621007427150616
damn,-0.2459377080927231
dance,0.024509605718395604
danger,-0.11881123931109679
dangerous,-0.28568087810349957
dare,-0.011164143885643938
dark,0.010365393810695844
data,0.07219806160534464
date,-0.15636034773752894
daughter,-0.08660787343164075
daunt,-0.047435995711614415
day,-0.2142407142535856
daydream,-0.30475492490231426
daydreaming,-0.030088408982631144
dbt,0.02770167294440711
dead,0.1505557479495883
deadline,-0.042703117162781815
deal,-0.08257300672462985
dealt,0.050075813258324886
death,0.15686652477789906
debate,0.0921651711443756
debilitate,0.015514683819402074
debilitating,-0.03521409171886391
debt,-0.05781125061501015
decade,0.006262566193353834
december,0.18549768708518916
decent,-0.2186712993419307
decently,-0.00036793334166038117
decide,-0.2441416476081936
decision,0.35422898700354516
decrease,0.22145781167753398
dedicate,0.02480946783658571
deem,0.15052510801220698
deep,0.028803953074842247
deeper,0.0018816542873993753
deeply,0.04149569823474357
defeat,0.005058923895426647
deficit,0.13704188380216675
define,-0.02882249379640085
definitely,-0.2954824286435179
degree,-0.18400912407279793
deja,0.023424428063721102
delay,0.05077647938314555
delete,0.11869655740519623
deliver,0.05298204795022451
delusion,0.05691072576648549
delusional,0.04578634335343524
demand,-0.008828985330589853
demon,0.008737813223291535
denial,0.27343771917684745
dentist,-0.2181160748690665
deny,0.01663139564020616
department,0.014729106996204815
depend,0.03511774649277226
dependent,0.022701991309884526
depersonalization,0.0011861105377540487
depict,0.11256152315882686
depress,0.056051642424168595
depressant,-0.11725999314235039
depressed,0.08287082681129515
depressing,0.049063304901556935
depression,-0.7485823627452859
depressive,0.03542432925552064
deprivation,0.0012922570594049744
deprive,0.02216074072822062
depth,-0.05026777479946219
derealization,-0.024830659919293348
description,-0.02416143959021961
desensitize,0.015012516998259708
deserve,0.18298150981425362
design,-0.12254664790461668
desire,0.185792366178837
desk,-0.1225301063581458
despair,0.054471647490477705
desperate,-0.05316960897136312
desperately,-0.07613481645639418
despite,-0.003651287322591922
destination,0.03810137332762678
destine,0.0008911221884532449
destroy,0.12022074764550555
destructive,-0.12543663512356085
detach,0.03066210524471109
detailed,-0.03458191620488948
deteriorate,-0.11979906341669712
determine,0.2705873378283702
detriment,1.806162269271754e-06
detrimental,0.10553810427336707
devastate,-0.04745854431991222
develop,0.12093082425819446
developed,0.003383847358605216
developer,-0.041539321331707055
development,0.020917270629051504
deviant,0.011666566706191409
device,0.007621553390470411
devil,-0.11917449005910867
dex,-0.24362248808778178
dexamfetamine,-0.2735336122227932
dexamphetamine,-0.14093259664342014
dexedrine,-0.21025703219750125
dextroamphetamine,-0.08504920314526787
diagnose,-0.4549336156342093
diagnosed,0.18319480429361076
diagnosis,-0.47482188729275265
diagnostic,-0.07697192702900386
diamond,-0.1397223847648323
dick,0.03051509196829478
dictate,-0.026431833570173185
didnt,0.2183516882299859
die,0.5585427840448506
diet,-0.2973939888753063
difference,0.044558587377540884
different,0.06665255744328452
differently,0.07133722586441137
difficult,0.07170542769171828
difficulty,-0.004297455269205076
digital,0.17364725508835963
dilemma,0.055949688097351374
dimension,0.024103384790433197
dining,0.04378811918607395
dinner,0.06742039199842674
dire,0.010604854923568838
direct,0.02538191793852294
direction,-0.08272537578792984
directly,-0.12950769813805738
dirt,0.06703847546962304
dirty,-0.06381673181478321
disagree,0.0340795720056846
disappear,-0.08316420278205136
disappointed,0.01103905272690569
disaster,-0.022945384570617823
discipline,-0.04455658665803686
disclaimer,-0.05265791121658346
disclose,0.00859135881890599
discomfort,0.17550838900980664
disconnect,0.0704062644640247
discourage,0.24944386434046492
discover,0.007094658359238638
discuss,-0.005632656259600919
discussion,0.06959133927071458
disease,0.1005656438566924
disengage,0.01901493527048086
disfunction,-0.052640449443794285
disgust,0.19345740821532748
disgusting,0.14020211229267457
dish,-0.21039360970871465
dishearten,-0.019961244530494332
dishwasher,0.00018124220546367854
disinfect,0.01373625923867722
disinterest,-0.044566291404660625
dislike,0.11539277334042845
dismay,0.006880822825294742
dismiss,0.004881401370356258
disorder,0.19031905524126808
disorganize,-0.03958737900934521
disorganized,-0.009843093311934132
display,0.09878945912699111
disposal,-0.01657502413145619
dispose,-0.013078159374588066
disregard,-0.0001897965181022907
disregulation,-0.009124625246063015
disrespectful,0.0647122284887292
disrupt,-0.006755767441694516
disruption,-0.0635234312299408
disruptive,0.024216845734293287
dissertation,0.07330303816886473
dissociate,-0.09144468780380431
dissociation,-0.04711276089746447
distance,-0.013716658147973643
distant,0.025719936644187612
distract,-0.38600987398363734
distracted,-0.22374445372603022
distraction,-0.3919446041455624
distress,0.08637034539401249
disturb,0.06251961861098919
dive,-0.03926303478603743
divorce,-0.13910525936099333
dizzy,-0.10721501678132823
dm,0.00877898391019526
doc,-0.2519630418112384
doctor,-0.6591773109750546
document,-0.00013423611563771637
documentary,-0.07199326208088437
doesnt,0.05174610260768178
dog,0.012990993688727418
dollar,0.11509147712852122
dont,0.28176880958603695
doom,0.0026338780331134704
door,0.2214039791015076
dopamine,-0.46784255959548243
dorm,0.01484256741403929
dos,-0.027428355598588933
dosage,-0.3074357059881146
dose,0.007467479559748848
double,-0.061869306480866366
doubt,0.6125234330552988
download,0.06901077555832595
downstairs,0.08605299018889641
dozen,0.059949665920411545
dpdr,0.26952675851855395
dr,0.11207448134461687
drag,-0.02396125189466318
drain,-0.030213886491070506
drama,0.03287042275330487
dramatic,0.2599976457986275
drastic,-0.03099198196672036
drastically,-0.029788932289707606
draw,-0.24695451725034748
drawer,-0.1205811398387913
drawing,0.21885806713285988
dread,-0.15861285512300577
dream,0.017360206892686015
dreaming,0.09291539041340739
dress,0.005091841743986609
dresser,-0.01262297091701841
drift,-0.07422355015001675
drink,0.36863081686716304
drinking,0.08880468498512237
drive,0.10059106741222645
driver,-0.2089114254452138
driveway,0.005491062260385906
driving,0.0938990971619846
drop,-0.35228334941765704
drown,-0.0007127554955299272
drug,-0.4537264878897073
drum,-0.016831755631244817
drunk,-0.30861028293727893
dry,0.1668506192356298
dsm,-0.013901660131244397
duck,0.013396884801362712
dude,-0.051071669094218244
dumb,-0.20360786886040286
dumbass,0.00947417470388488
dump,-0.00645542051518041
dunno,-0.30607900673065835
dust,-0.12498547565784048
duty,-0.01627631121229555
dysfunction,-0.3696219646567487
dyslexia,-0.0006745158197111023
dysphoria,-0.10850159749320397
dysregulation,-0.143049110865567
eachother,-0.01901666194740353
ear,-0.408849841592022
earlier,-0.09126836578034771
early,-0.05022671478868033
earth,0.03921722998162158
ease,-0.04570298903951653
easier,-0.01400949536294169
easily,0.21671785671961963
easy,-0.3734923311341294
eat,0.17896291287669558
eating,0.04018623361411714
eats,-0.08082669753730776
ect,-0.00010506207410321486
ed,-0.06019678681500436
edge,0.03150549835879882
edgy,0.0014703156042373867
edit,-0.11489699810207968
educate,0.016511688675332762
education,-0.11519035643062371
effect,-0.15933693769218396
effective,0.27110849192406006
effectively,-0.057632729866165106
effectiveness,-0.02791802563098638
efficiently,-0.09116016458746086
effort,-0.43645659746247106
egg,-0.1085549741311292
ego,0.0323207925221975
ejaculate,0.12941723654502665
elementary,0.0022443902668379334
email,-0.012923390183530125
emails,-0.03869915316402855
embarrass,-0.1252862757470066
embarrassing,-0.19411390200963283
embarrassment,-0.15890940019578206
embrace,0.11608923520387594
emergency,-0.19507353087543983
emotion,-0.15468734327101996
emotional,-0.4895945901518967
emotionally,-0.01781486102295296
empathy,0.04891915639080625
employee,0.018126371685475404
employer,-0.03468811960392241
employment,-0.20911689716177412
encounter,0.11234493918929137
encourage,0.06012227147813437
encouragement,-0.04214971814099895
end,-0.3418332835453338
endless,0.007876986309757219
enemy,-0.031897883217347024
energy,-0.8977477660490767
engage,0.0025825123867713857
engine,-0.03032290864750158
engineering,-0.03917388234329423
english,0.0031250087138655195
enjoy,0.44396662971278716
enjoyment,0.013061405272382354
enrol,-0.08006756981385554
ensure,0.14433937723868434
enter,0.036416207431462934
entertain,0.004215772333617877
entire,0.11245628788368875
entirely,0.05897126035758824
environment,-0.19969433168039522
epic,-0.18232497390181276
episode,0.1389389304523291
equal,0.034486540842300115
equally,-0.18954907462756926
equivalent,-7.037505980755167e-05
er,-0.49819334069219495
erase,0.28411920788674505
erection,-0.08695210342286255
erp,0.5990739130026176
error,-0.08243275754133132
escalate,0.018149486469285676
escape,0.08471161388967334
especially,-0.19067946508135306
essay,-0.08318804871159598
essential,-0.041784604300176144
essentially,0.005371298855851326
esteem,0.17092551352918878
ethic,0.02848929111508834
euphoria,-0.04488455697639931
evaluate,0.0892733963467987
evaluation,-0.18844315265852898
evening,-0.06664176421217342
event,0.2786255466370237
eventual,-0.003933218932109174
eventually,0.2683306542729196
everybody,-0.02670012858453965
everyday,-0.10119371831024777
everytime,0.09433925816985106
evidence,-0.1498925006613497
evil,0.0023259282294458158
ex,0.1711363620046582
exacerbate,0.013068984388138166
exact,-0.08821263177185165
exactly,-0.015296641579675498
exaggerate,0.17703445441456664
exam,-0.2757194106748901
examine,0.0168695743578182
example,-0.1528667153253779
excel,-0.051648222127106694
exception,0.11487878956556087
excessive,0.13910048924924573
exchange,0.0534186778076738
excite,-0.2625157236789867
excited,-0.12060366411701402
excitement,-0.17362015665714672
exclusive,0.013408764191793555
excuse,-0.30410471750851525
executive,-0.36081266102375803
exercise,-0.1356218636321777
exhaust,-0.07766971340991449
exhausted,0.1347295466581145
exhaustion,-0.2586837526221025
exist,-0.13242269055136005
existence,-0.10554221217711623
existent,0.3108318511924834
existential,0.3757188557664245
exit,-0.20081965977751776
expect,-0.136157078598002
expectation,-0.23604732051088717
expensive,-0.03802344087031856
experience,0.11059207735504334
experiment,-0.00964226236265003
expert,-0.004963466196856756
explain,-0.43970992715279306
explanation,0.1259212737479844
explicitly,-0.1319568385747222
explode,0.08742662790837101
explore,0.018154724407197943
expose,0.25566929639963604
exposure,0.1368364725363601
express,-0.4395647216720347
expression,0.2881662996287145
extend,-0.07539334464794338
extended,-0.0845498593277611
extension,0.005044144989160977
extent,0.05942000117116316
external,-0.031121135973131993
extra,-0.12330318497608132
extreme,0.0685417026725059
extremely,0.09231529440556957
extrovert,-0.1007776759735255
eye,0.05141800736155426
face,0.37925682524835536
facebook,0.011812661744049283
facetime,-0.011977362581635528
facial,0.021859445647403414
fact,0.04827497693331335
factor,0.08862344185125465
fade,-0.00733909840855284
faeces,0.05046911801248599
fail,-0.6923552749854065
failed,-0.024688843385309925
failure,-0.44565059946270885
fair,0.11961589767074927
fairly,-0.11313135457263149
faith,0.03478289924963301
fake,0.5722003404952625
fall,-0.2519953599432781
false,0.15825188908489596
familiar,-0.007777837475197124
family,0.3774035597912851
famous,-0.13342833847577398
fan,0.046584007172963904
fantasise,0.039590688735746164
fantasize,0.06879906653215974
fantasy,0.1056931404613541
far,-0.21305129847432125
fashion,0.026984108817610136
fast,-0.20406083196540797
fat,0.037818135549298575
father,-0.13595878046626422
fathom,-0.04463209105232752
fatigue,-0.13472133514851395
faucet,-0.10760553545856655
fault,0.18413579845734324
favor,-0.001088905859230058
favorite,-0.007901808662073134
favourite,-0.05759140767796296
fb,0.024280416766855467
fear,0.6376710102831351
feature,0.10493158178417436
february,-0.0006895802283314632
fee,-0.1010443677467092
feed,0.017771119369891352
feedback,-0.1428595495747274
feeling,0.24435995006042588
fell,0.13295890977667316
fellow,-0.024446907190988888
felt,-0.1301309399138786
female,-0.010489960526688772
feminine,0.05281175579278174
ffs,0.016299727672158384
fiance,0.047723824556238886
fianc√©e,0.10394563526218434
fiction,0.1339199857252925
fictional,-0.007970380215653374
fidget,-0.56576226066646
field,0.26350731005215
fight,0.10400607583865054
fighter,-0.013456044992282592
figure,-0.21729430622055998
file,0.049837555364150576
film,0.27462998445172737
filter,-0.147259333675307
final,-0.09896627223597208
finally,-0.420653973619764
finance,-0.1100232019016417
financial,-0.025122929655646664
financially,-0.20223151024592162
finding,-0.24435092029460467
fine,0.035615131164780545
finger,-0.26954619348714504
finish,-0.40308344591572615
firm,-0.002140886245754787
fish,-0.00041851769286285366
fit,0.125004261604797
fix,0.05769070104917365
fixate,0.3256100337058536
fixation,-0.3215456357512122
fixed,-0.000585181589763638
flare,0.06403303338621662
flash,0.004721979792138783
flashback,-0.031391497559803944
flat,0.0800613733105699
flavor,0.16410505112613616
flexibility,-0.0008298549467765889
flight,-0.1766879988033928
flip,-0.2321762786059466
flirt,0.0034100468990311663
flirty,0.04263438811145914
float,0.006573632944912673
flood,-0.088108184972658
floor,-0.12291463712174643
flow,-0.15491505747343426
flower,0.11434657628464343
fluctuation,-0.3371921830350312
fly,-0.0020600258729161595
focalin,-0.0027347496065598226
focus,-1.0888868083385292
focused,0.07705271900153798
focusing,0.013357762285621978
fog,-0.07687574060074898
foggy,-0.07692405002690103
fold,0.03304028865050018
folk,0.006994999869036454
follow,-0.2665335722078067
following,-0.009888630562233163
food,0.4730276874000514
foot,0.08037558571371957
force,0.3832075988009248
forehead,0.002597724085704408
forever,0.08174515416611979
forget,-0.8144180075049634
forgetful,-0.1409261610767444
forgetting,-0.05557999242547771
forgive,0.09731200411924444
form,0.36433699801182073
formal,0.11614400183962371
format,0.049153995011308266
forth,-0.034741941690952884
fortunate,-0.15833763888395663
fortunately,-0.14365777182371642
forum,-0.0073310980560524494
forward,0.09378244294031338
frankly,0.04795443479701017
frantically,-0.3214008189186313
fraud,-0.0038012036315453
freak,0.35220493033429395
freaking,-0.06699450424690516
free,0.20805660475395035
freedom,-0.025277534302276757
freeze,-0.026989219530902164
frequent,-0.06524133018087383
frequently,0.22555590981280924
fresh,-0.05270269377711028
freshman,-0.224171688706153
friday,-0.2567615432794795
fridge,-0.08026701438629613
friend,0.3017355555306834
friendly,0.0716479603400642
friends,-0.02554836477731301
friendship,0.09439921741514785
frighten,-0.04985026591846095
frustrate,-0.20809831069515825
frustrated,-0.3841966861393784
frustrating,-0.10509677298541042
frustration,0.14163912322034125
fuck,-0.1599106139932944
fuckin,-0.10930705841402996
fucking,-0.0448432566800479
fuel,0.08690928076373039
fulfil,-0.05003364725812239
fully,0.31213175327354536
fun,0.1517488086496018
function,-0.3341277145383861
functional,0.053841465899396666
functioning,-0.025684437711420635
fund,-0.17046994448159022
funeral,0.0027037263120730294
funny,-0.026607721191870944
furniture,0.0028288517840081543
future,0.04003787629014443
gad,0.08461359942995836
gain,0.025827260312719817
gal,0.006935507751612277
game,-0.47252341856631636
gaming,0.035697321083634166
gap,-0.03976851619848913
garage,0.005333762244512831
garbage,-0.0369614806408975
garden,-0.04234574498728086
gas,-0.026470092273327757
gay,0.1830536209096717
gear,-0.22282987082584774
gender,0.08743905637109439
gene,-0.0016370024114949944
general,0.05244029264843541
generalize,0.04958425451812979
generally,-0.02761530083493551
generic,0.201724623178091
genetics,0.05254071606653971
genitals,-0.028795694303271682
genre,0.02197357990800329
gentle,0.015839226113535262
gently,0.03201687664163955
genuine,0.07270633372027109
genuinely,0.04404172268818129
germ,-0.010599202621027523
gesture,0.006615505257427585
gf,0.01389738170968949
ghost,0.0034156250496363335
giant,-0.06323083302416095
gift,-0.0872856940796983
girl,0.31273841704863165
girlfriend,0.34037268476661636
glad,0.043085031747233105
glass,-0.03837158490337285
glitch,-0.05004129826126617
glove,0.11396678091071467
goal,-0.10009160730551553
god,-0.4938446654165684
goddamn,-0.03735563731529637
gonna,-0.1549137384664965
good,-0.3069154650584516
google,0.18092908919714834
googling,0.05556302632450342
gotta,-0.13134049109740692
gotten,-0.2129940664192086
government,0.022894157778810036
gp,-0.42284829310621264
grab,0.05541551027536935
grad,-0.0007768963450771858
grade,-0.4913272570298026
gradually,-0.05122199643449912
graduate,0.2442385310597322
graduation,-0.06480104402974253
grammar,-0.030121804780156632
grand,0.04475880559311011
grandma,0.022881204451427103
grandmother,-0.047027989164968344
graphic,0.09298471927522811
grasp,-0.0333829605493306
grateful,0.016748951642477243
great,0.012438176904419906
greatly,0.17625807008236818
green,-0.007242152824080828
grief,-0.007266227933762846
grind,-0.051483291929661376
grip,-0.0006072373399426396
grocery,0.15978196767261457
groin,0.0034149750328927742
groinal,0.20139148009951865
groomer,0.019263135242454144
gross,0.22391410322166114
ground,-0.3448350921439704
group,0.33840051580903974
grow,0.28349459467925764
gt,-0.21674356557155583
guanfacine,-0.03819423988813019
guarantee,0.23302590226725717
guard,0.026180985145618795
guess,-0.6022981783749418
guidance,0.05246439648273821
guide,0.006705575562630159
guilt,-0.0261433698231304
guilty,0.04966079900418874
guitar,0.05378618356328437
gum,0.08135502472762365
gun,0.06908227436911142
guy,-0.3316669094671365
gym,-0.1991893846437595
ha,-0.14797188640829695
habit,0.2402392712166385
haha,-0.1760830114753016
hair,0.1900154447473624
haircut,0.005326140274349487
half,-0.3777280675626024
halfway,0.07612184343046498
hallucinate,-0.04438484382257408
hallucination,0.004230870929521561
hand,0.30135520908639785
handful,0.1169267278336665
handle,-0.016281990167226798
handwriting,0.23148798286950925
hang,-0.3689297521390471
happen,0.4233295821743423
happening,0.06605934363277187
happens,-0.09187096336795857
happily,0.03842371743147737
happiness,-0.14237892343386602
happy,-0.3859453891892187
hard,-0.28789953667170515
harder,-0.15705128372093974
hardly,-0.027807501549076366
harm,0.4917107967306704
harmful,0.03281142928903921
hat,0.045174511146034595
hate,0.09629366423345873
hatred,0.013437126940942647
haunt,0.1379355942252334
havent,0.028970842167822936
head,-0.07602655517910835
headache,-0.09971343766365852
headphone,-0.21504240532355548
heal,-0.2563155327435073
health,0.45152908749715126
healthcare,-0.04292784398852417
healthy,0.2004537800674525
hear,0.05253009402489768
heard,-0.12429069709873387
hearing,-0.13130781118451507
heart,-0.09023368558058426
heavily,0.11344012579187239
heavy,-0.007961656333765757
heck,-0.0026648738756733076
height,-0.033252122764210613
heighten,-0.29731092015945754
hell,0.00742837061741336
hello,0.004352732591736636
help,-0.07676431979189004
helpful,0.1456333143606919
helpless,-4.440959818263226e-05
hesitant,0.002598793779916056
hesitate,0.02310258195326643
hey,-0.16841276425581114
hi,-0.059031516826568806
hide,-0.3556125168287473
high,0.188773012759569
highlight,-0.00012606934236660677
highly,-0.03174661233355466
highschool,-0.00444654802353525
hindsight,-0.0735704192230442
historically,0.06588097075557167
history,0.12734922176397095
hit,-0.12635478787286575
hiv,0.00011815693968109892
hmm,-0.0029734122286752818
hoard,0.10792887584860685
hoarder,0.11187272871243718
hobby,-0.0802808263243253
hold,-0.24501469753501245
hole,0.015796937078482225
holy,0.022028592553540515
home,-0.03506479149163703
homework,-0.28168715382237697
homophobia,0.0004166577105313013
homophobic,0.004306790658968769
honest,-0.12427696453118606
honestly,-0.3245166599369184
hook,0.00021246210317238975
hop,-0.10213143818653637
hope,-0.26007490937149275
hopeful,-0.026694105135529715
hopefully,0.2956412513006807
hopeless,-0.13033142196799877
hormone,-0.005877773801661574
horny,0.030363956710616716
horrible,-0.05327576727903879
horribly,0.12054854844849222
horrid,-0.002292219813016357
horrific,0.04006591236572684
horrify,-0.18974034085078612
horror,-0.02978471448913742
horse,0.027540647657818416
hospital,-0.20523067663761332
hot,0.022812540155735358
hotel,0.014689438859864902
hour,-0.035104758685421386
house,-0.07487895798631923
hr,-0.1621313363095021
http,0.1030184463147889
https,-0.13998510267120903
hug,0.22356976105665008
huge,0.3854509810256746
hugely,0.14702744102077023
huh,-0.14136133502932843
human,-0.4798813617688973
hungry,-0.10170412021444478
hurt,0.3093266145776684
hurtful,0.03719098780857821
husband,-0.006964429044352772
hygiene,0.10923972341994037
hyper,-0.13965634220905063
hyperactive,-0.19676039631083372
hyperactivity,-0.01682920009375082
hyperaware,0.04808467089351498
hyperfixating,-0.24361264929733048
hyperfixation,-0.20804368632151404
hyperfocus,-0.034677896977464664
hyperfocused,-0.04048022552923466
hyperventilate,-0.031020445768147418
hypothyroidism,-0.0565633002371218
id,-0.079416789567585
idea,0.1775054403720917
ideation,-0.02709755816633473
identical,0.02453493949552224
identify,-0.06083066254047388
identity,0.05162161022513848
idiot,0.06673070068547848
idk,-0.2976684200024663
ifs,0.06591642298190606
ignore,-0.27138201026047
ik,0.33154356129786117
ill,0.12387045335642909
illegal,0.05819310508282567
illness,0.3709099863906782
im,0.061564983793180275
image,0.09079502757304532
imagery,0.00977314719195643
imagine,-0.6594250662689018
immediate,-0.07518440268940277
immediately,0.14871204569308047
immense,0.022461922821394715
impact,-0.10348762907021289
imply,0.008850132475307077
importance,-0.008066186958991244
important,-0.052190110990150085
impossible,-0.11060166937171133
imposter,-0.04829918217185868
impostor,-0.08393809750206796
improve,0.5641305172677057
improvement,0.05007388078626802
impulse,-0.29622060312772047
impulsive,-0.2481178725978637
impulsively,-0.05643820244412765
inability,-0.02861492407754193
inadequate,-0.041649868296858995
inappropriate,-0.08594216560971546
inappropriately,0.0007592747106537601
inattentive,-0.22571745685368946
inattentiveness,-0.11966506144936524
inbetween,-0.01781551936047074
incapable,-0.05527366124586804
incest,0.0481304757951259
incident,0.03800205423366574
inclined,0.008951715389280364
include,-0.031575456954972346
income,-0.2413458184049183
incompetent,-0.11156447354539296
inconsistent,-0.11000861451358838
inconvenience,0.033462883156272126
increase,-0.27366850187181907
increasingly,0.305055720755069
incredible,0.0725186846635264
incredibly,-0.07151393170194446
indecision,0.18306026252406488
independent,-0.013247629187142207
indicate,0.014380471742374735
indicator,-0.032544868837622774
individual,-0.07634000284702377
induce,-0.00040583852231659964
induced,0.0934981843218239
industry,-0.004655739236540318
inevitably,-0.10096211009165273
infect,0.0026824483852559127
inferior,0.018373059536600074
influence,-0.2713867599439698
info,-0.2060828087522919
inform,-0.059179376030858065
information,-0.34109262165268794
infuriate,0.016464693794761714
initial,0.025807423026713162
initially,0.06201877239432191
inner,0.2417087997653941
innocent,-0.008359146461725094
input,-0.11001111275210089
insane,-0.359758695476307
insanely,-0.0018906507865609362
insecure,0.002145235647719429
insecurity,-0.0007952440983668419
insensitive,0.0869909312764895
inside,-0.16317715073093889
insight,-0.07268209958610022
insist,-0.04863454790615471
insomnia,-0.11543111620218975
instagram,-0.059662368834621574
instance,0.10485390452941787
instant,0.0001854171643287647
instantly,-0.027729024917022352
instead,-0.17493379430261294
instruction,-0.19775597038440204
insult,-0.04269381118687873
insurance,0.03421477393734417
intake,-0.10798287741862385
intellectually,0.019180494181631997
intelligent,-0.06806294650149203
intense,0.153763003754196
intention,-0.20918371476058378
intentional,-0.006923870468370161
intentionally,-0.02260402188063941
interact,0.02109507734704318
interaction,-0.08865326897955067
interested,-0.01615868717265579
interesting,0.1929555524314096
internal,-0.0321298023523757
internally,0.0950229081645742
internet,0.06192881099549792
internship,-0.071668957501384
interrupt,-0.04230398926011585
intervention,-0.04798522764604857
interview,0.020068038481587572
intolerant,0.022026447283783213
introduce,-0.005837988531875524
intrusive,0.43881889620453285
intuniv,-0.08739784346474874
invalidate,-0.03222202148571278
invest,-0.041746328343421346
invisible,-0.07324815193027187
invite,0.09488160561997698
involve,0.12498940352471559
iphone,-0.06737679200623797
ir,-0.21735915617945797
irl,0.13561773501010632
iron,-0.01790760886156378
ironic,-0.09467512076787409
irrational,0.2957329678362
irritable,0.0037557568002393443
irritate,-0.26337125318817334
irritated,-0.02716302013477579
ish,0.0250028482997428
isnt,0.10169516006296914
isolate,0.03771971973625834
issue,-0.2355817720675155
itch,0.0015540579894582586
item,0.24601255004041947
iv,0.004137360849806319
ive,-0.22962024993256921
jack,0.05818011110492169
jacket,-0.3474917547489021
jail,0.03638724476073387
january,-0.19277025160293024
jar,-0.02866090087353678
jaw,0.12641737319868074
jealous,0.011952356343423894
jerk,0.26180542914780114
jittery,-0.14537197309220945
job,-0.57634075994829
join,-0.23758642886126224
joke,0.21879961812578275
jolt,0.011738684708658005
journal,0.009654330952825807
journaling,-0.20275305229917334
journey,0.16252550683188605
joy,-0.049473811325720846
judge,0.5211972420315372
juice,-0.13354503895396103
jumble,-0.008537781162511015
jump,-0.28265150715535625
jumping,-0.023235657915023352
junior,0.008462962711154423
junk,-0.011437858156061414
key,-0.06992095724971263
keyboard,-0.12329266058139969
kick,-0.2228505929994103
kid,-0.3020448096107022
kill,0.5336269627756901
killer,0.0408429286764674
kind,0.05535751384036432
kinda,0.156220749825925
kiss,0.07918528787374028
kitchen,-0.12871964943349917
km,0.17787950609816436
knife,0.006866318838271282
knock,0.12343081691538695
knot,-0.16001781015388297
knowing,0.012570035271411368
knowledge,-0.28370282731483387
knuckle,0.0054354415075341545
lab,-0.03709151366330323
label,0.0020319974249806178
lack,-0.7571476404992818
lady,0.06329866225347085
land,-0.060018792772207445
language,-0.06518054906281046
lap,0.011737886288031638
laptop,0.10154268953075372
large,-0.07421974131727362
latch,0.03826076836674661
late,-0.2697924026785897
lately,0.6208514079583383
later,-0.49224607751931
laugh,-0.1142453578840222
laundry,-0.2517033173649615
law,0.02801695107931259
lay,0.014372991622159978
layer,-0.14418086441130926
lazy,-0.14535305114265135
le,-0.00909470434341607
lead,0.2390397386162869
lean,-0.03247676124008463
learn,-0.07230462117885096
learning,-0.27201002390546536
leave,-0.24033232221963255
lecture,-0.3453921368255456
left,0.2061515783893981
leftover,-0.017888406895695402
leg,0.4572021272079542
legally,-0.02680416822361038
legit,-0.03240346676512475
length,-0.11645549844377559
lessen,0.14555339608928733
lesson,0.10908411695198704
let,-0.16089841966032545
letter,-0.10474517013407887
level,-0.19688151551530714
lexapro,0.6361346082946853
lgbt,0.0004067029744402801
liar,0.020446127022055213
libido,-0.016995832915090457
library,-0.07173833056619006
license,-0.012263907067119025
lid,0.013948783515924096
lie,0.29767997734980806
life,0.008301325128657368
lifestyle,-0.06903968910308776
lifetime,-0.0674682550017455
lift,0.05359946543027012
light,-0.04979728394012418
likely,0.045736625908836516
limit,-0.20992848101378064
limited,-0.0919430958992779
line,-0.1454011868881694
link,0.03794830380101458
lip,0.03712215767234837
liquid,-0.017613497183173614
list,-0.07454019710029033
listen,-0.6287420846646438
listening,-0.2086880605793756
literal,0.014855376352199882
literally,0.03238074726202436
literature,-0.06054878535118434
litter,0.08081543322095144
little,0.43941184741995515
live,0.7598742409255592
living,-0.04265566058455077
lmao,0.12284992894270533
load,-0.1662875010169276
local,-0.060103399843636884
locate,0.004495415125879746
location,0.04256730215492781
lock,0.07067142851649579
lockdown,-0.017303369501772168
log,0.26845214041749427
logic,0.08563656577094177
logical,0.05462132164521917
logically,0.08707863136823889
lol,-0.17817249336449378
lonely,-0.10846945439382621
long,0.14571264610473608
longer,-0.2668184243385613
look,0.1726137702481979
loop,0.049418392137086646
loose,-0.08909222042500156
lose,-0.37499187090188274
loss,-0.2761785398950843
lot,-0.06749234955608613
loud,0.20930049442706894
love,0.3902060732719276
loved,-0.14761306128522733
lovely,0.05774183157377009
lover,-0.04537801887667443
loving,-0.000864043132528884
low,-0.2739707809946573
lower,-0.058298962407394524
lt,0.006481611691597825
luck,0.10277167528465136
luckily,0.08970113868754997
lucky,-0.06650952907926908
lump,-0.042679232286897135
lunch,-0.0014294764215427088
lurk,-0.0115360435242288
lurker,-0.0593052445881917
lyric,-0.026846810187633494
machine,-0.032263541924854366
mad,-0.02869176447553117
magic,0.023862122353207785
magical,0.010702474428893764
mail,0.1469977069273515
main,0.01602856656470031
mainly,0.212396567295422
maintain,-0.14720618716272044
major,0.08708841517977688
majority,-0.052887703566291265
makeup,0.05510584221054707
making,-0.03197406214570558
maladaptive,-0.06343760549407619
male,0.02984907540233404
man,0.19406946504348813
manage,0.49142370166740557
manageable,-0.12454492574579143
management,-0.19926611722740806
manager,-0.09623884496264365
manga,-0.018429801973435845
mania,-0.22170341819556103
manifest,0.22584096767875908
manifestation,0.06632422817208072
manner,0.20469420694980134
manual,-0.08503642190663016
map,0.036981985084274346
march,0.013922677533805968
mark,0.2136210704463994
marry,-0.05814302647420757
mask,0.06338968936885979
massive,-0.13910763601225223
massively,-0.0035164329236087653
master,-0.06080673350608056
masturbate,0.10228248861559737
masturbation,0.004991967226850918
match,0.010459749536996259
mate,0.09123515918607823
material,0.12314317453402711
math,-0.20651625628622491
matter,0.18463881613573288
mature,-0.012827873528266885
max,0.030636876413463653
maximum,-0.0005100337205252706
maybe,0.13538621184286556
meal,0.09266784210507485
mean,0.5334811851067809
meaning,-0.023525455628571636
meaningful,0.039957021319893364
meaningless,-0.2074267953540366
meant,-0.04173707441494028
meantime,-0.1263194877835213
measure,-0.04457893116116141
mechanism,0.007220452914198615
med,-0.7882840378472218
medical,-0.014824443553952679
medicate,-0.38831069988865835
medication,-0.47979420695814695
medicine,-0.04314983980113335
medikinet,-0.21093925298565808
meditate,-0.05898719211883881
meditation,0.024803193514299115
medium,0.10609679828333632
meds,0.2055817334767095
meet,-0.08596780836233481
meeting,-0.2987534095273558
melatonin,-0.039704060333610354
melt,-0.012478183884831781
meltdown,0.031752358997939656
member,-0.1826183504400228
meme,0.06291109144694461
memory,-0.04466333583005799
men,0.022707583119235528
mental,0.34609430248871254
mentality,-0.0061482229769167646
mentally,0.036597161169063835
mention,-0.11154729413554991
mere,-0.056795032141582755
mess,0.3591418962580233
message,-0.09051371881910894
messy,0.10374320220481502
meth,-2.3707049802026627e-05
method,-0.09685871618684008
methylphenidate,-0.5544574425402965
mg,-0.32406261081197674
mia,0.00249096132947228
micromanaging,-0.1131460821750525
mid,-0.2821648521116017
middle,-0.16566270794644028
midnight,-0.07073642943744252
midterm,-0.1711871178608891
mild,0.1195067761213244
mildly,-0.1188858406917618
milk,0.03988563153507687
million,0.013049974800356537
mimic,-0.07011916377441116
min,-0.11981704503426358
mind,0.13745539219621133
mindfulness,0.07891667593175389
mindset,-0.08993868328424168
minimal,0.2032864410433042
minimize,-0.0013981505597008292
minimum,-0.32747115556673884
minor,-0.010726272787543113
minute,-0.13825915475441666
miracle,-0.095576249198927
mirror,0.03634666541000919
miscarriage,0.02237336219618057
misdiagnosed,0.006054831218047474
miserable,0.28297082264982254
miss,0.19162786945221735
mistake,0.37426758510199265
misunderstand,0.044763729432810255
misunderstood,-0.16756293457605506
mitigate,-0.08766822576963972
mix,-0.325805182892379
mixed,-0.07528234263042013
mobile,-0.1247019669752649
mode,0.016132938333724943
moderate,0.046992171922697924
modern,-0.04951360229230431
mold,0.061140310923412176
mom,-0.05395519683937915
moment,0.012154679006556009
momentary,-0.024206427249942875
momentum,-0.14278890127122845
monday,-0.04963707364135077
money,-0.20130732471912707
monitor,-0.12745123269687333
monologue,-0.059715667287834874
monster,0.08832233715551117
month,-0.21234114888332864
monthly,-0.08543247319683785
mood,0.10905464068157743
moon,-0.010649681891756408
moral,0.15261908558163548
morally,0.04675163865408523
morbid,-0.22742104288538942
morning,-0.35844885582799085
mother,-0.005074246830774266
motivate,-0.01489856860327583
motivated,-0.00577171556859182
motivation,-0.25701185727567766
motor,0.019540812136392836
mouse,-0.20909720820963187
mouth,-0.18684253591559075
movement,-0.03641291008559575
movie,-0.11028109768181531
multi,-0.0788232489795404
multiple,0.5952664900292826
mum,0.051325542079179866
muscle,-0.009259454143381814
mushroom,0.2096533005473509
music,-0.42193703320591813
muster,-0.08828528819423803
mute,-0.03981755629071472
nail,0.08164496332446025
naked,-0.01822273136119706
nap,-0.23777695819439043
narcissist,0.1479645796221233
narcissistic,0.23906182324685823
narrate,0.09747336931128125
natural,0.3184521205981174
naturally,-0.06652876892561715
nature,0.17319535343511352
nausea,-0.15778848205708743
nauseous,-0.05254670626962241
navigate,-0.21223291558531904
near,0.03925676353397848
nearly,-0.1401786187778376
necessarily,-0.08602140553944482
necessary,-0.007101829251298825
neck,-0.0778550512942648
need,-0.32291033442731315
needle,-0.02164382458995899
needless,0.097372979243809
negative,0.1967607823823523
negatively,0.058197041068334385
negativity,-0.038828757429944266
neighbor,-0.09107788011205312
neighborhood,0.014727504816660414
neighbour,0.10543417957794282
nerve,0.0580573433421713
nervous,-0.11864873659752163
netflix,-0.15295894516132236
network,0.07509850416259746
neurologist,-0.009432007424898215
neurotypical,-0.16679558211443465
neurotypicals,-0.06013384527712661
new,0.12538142946597142
news,0.016709512250684237
nh,0.061370138567075405
nhs,-0.005727088948743744
nice,0.07477736610866977
nicotine,-0.16681443172100402
night,-0.3719478264972088
nightmare,0.16997136785452954
nighttime,0.09695568824097159
noise,-0.22503927674445245
noisy,-4.827821908584922e-06
non,0.36861337006215733
nonetheless,0.04894497109900958
noon,-0.1001276314759251
nope,0.014207028678061298
normal,-0.41122455512364137
normalize,0.0018932853678663181
normally,-0.3202808062634434
nose,-0.0028605040325505437
note,0.24588156236027486
notebook,0.11337189526056092
notice,-0.3080749169121186
noticeable,0.12379759396882711
notification,-0.015489650318228323
notion,-0.12178402430901089
november,0.03246454505419235
nsfw,0.03790668894604671
nt,-0.10349494421120717
numb,-0.05494596039753615
number,0.28716511998280864
nurse,0.11185232172452464
nutrition,0.0017578355152420254
ny,0.15812747532386714
ob,0.13416347697910125
object,0.2794656064283359
obligation,0.00563995665994472
obscene,-0.01483019005607659
observation,0.011141847071009183
observe,-0.03582714405754596
obsess,0.9935642292733847
obsessing,-0.06484823783733001
obsession,1.1539082622302193
obsessional,0.015297499217412176
obsessive,0.7406494492130277
obsessively,0.037976913983791064
obstacle,-0.013656081206374172
obtain,0.0030957872155709166
obvious,0.025251358380182495
obviously,-0.20117117256303724
occasion,-0.07801717922783592
occasional,0.056800415443132087
occasionally,-0.3093366756814296
occupy,0.007054115911386483
occur,-0.07047415264527465
october,-0.016233396526359852
od,-0.02611219446591519
odd,0.12038369345986039
ofc,0.016246179691713672
offend,-0.0068210022568016134
offensive,-0.02242031623281456
offer,0.09476207490440518
office,-0.18905746612502766
official,0.043346808021169726
officially,-0.037773084728730186
oh,-0.06991799164899994
ok,-0.10660373317461617
okay,-0.14089791704484408
old,-0.21196459742700732
omg,-0.08701362619356057
ongoing,0.1697170035441975
online,0.005546701124586563
ontop,-0.001554932755905037
open,-0.13601176219352412
opinion,0.050504240205150604
opportunity,-0.11116607218199955
opposite,0.05747151348746855
optimize,0.06310812687164566
option,-0.21370020056898392
orange,-0.0945194213868187
order,0.6104989368613736
org,0.1444327682769469
organisation,-0.2662958286850347
organise,-0.4002696019538465
organization,-0.032688696755263015
organize,-0.2386986176554751
orgasm,1.0080780972337711e-05
orientation,0.051398381900106066
original,-0.23441532520303185
originally,0.04998007123774563
outburst,0.026950032219436888
outcome,0.06296110412839301
outright,-0.3621244256990629
outside,-0.10661000101090481
overall,0.01975070420418167
overanalyze,0.010628128843440488
overcome,0.10260864411239072
overlap,-0.10515287277185967
overload,-0.050855041692658
overly,-0.041924579559139655
overreact,-0.023276419372897376
overstimulated,-0.2974535901580373
overthink,0.0033854310351583545
overthinking,0.04881675956955293
overwhelm,-0.436231016631574
overwhelmed,0.02750569112897968
overwhelming,0.049527651065470656
pace,0.16465358804752075
paced,-0.027559685031774462
pack,-0.20019793623166426
package,-0.00915464638903099
packet,-0.27872740004494473
page,-0.259446648616474
pain,0.11761450378203275
painful,-0.020727441159560885
painfully,-0.08425646336824756
paint,-0.013290823995786532
pair,-0.1980939952340913
palpitation,-0.049478452128747234
pandemic,-0.4215639469632309
panel,-0.08408280997432487
panic,0.5055722791309136
pant,-0.026163201885097454
paper,-0.04935967133742788
paperwork,-0.0789386720647574
paragraph,-0.23148764799849456
paranoia,0.0731705386402603
paranoid,0.11305683152000183
parent,-0.3571484491583665
park,0.0019091844356614392
parking,-0.07165312346853783
partially,-0.0457286667249737
participate,-0.06936801386427686
particular,-0.0412607538777566
particularly,0.15202812420306916
partly,0.0656211686338538
partner,0.002609996799192023
party,0.0014630358136582386
pas,-0.21458132190629695
pass,-0.03331449224682684
passing,-0.05233858363909054
passion,-0.07567504448432517
passionate,-0.1613909816499454
past,0.0952344837590989
path,-5.658186064678591e-06
pathetic,0.04650426332197313
patient,0.1969791428314458
pattern,-0.4388577024551454
pause,-0.03803834348938074
paxil,0.12413758272095693
pay,-0.24517915200967766
pc,0.12749736453814547
pcp,-0.06956906940044058
pdf,-0.00010526831075563521
peace,0.17006502066744797
pedo,0.1730882909263382
pedophile,0.23238549434954772
pedophilia,0.009610480549852793
pee,0.026656714627150684
peep,-0.23400772141566056
peer,0.032726125638651696
pen,0.11418120970830907
penis,0.037219627387734676
pent,-0.11271391133961645
people,-0.03989480945791152
perceive,-0.11972524675019965
percent,0.05232985518167077
perception,-0.10297015406712916
perfect,-0.1816035761431393
perfectionism,0.008123663515205208
perfectionist,-0.023774551897781767
perfectly,0.28705024792084066
perform,0.04268835215299331
performance,0.1405446596893154
period,-0.09953606181604754
permanent,-0.08799663912395368
permanently,-0.002831053344752583
permit,-0.09237963460339708
persist,-0.07544800252425478
persistent,0.2125036806606624
person,0.0007862806517912992
personal,0.20290809376911612
personality,0.17836808335653118
personally,-0.048361869121672826
perspective,0.22489127697089567
pet,-0.07460510979408903
pharmacist,-0.04747803160995277
pharmacy,-0.14905801972365995
phase,0.033044345621966106
phd,-0.0006156863092174788
phobia,0.021908907820174656
phone,-0.28748918009052116
photo,0.13085720440413143
phrase,0.08781120135979334
physical,0.17086153149130132
physically,0.23791071265159291
physician,-0.05689963954826013
pi,-0.036045477057839045
pic,0.022265708482410333
pick,-0.33811801257472845
picky,-0.0165996877335399
picture,0.08137514762485597
piece,-0.08880394411106496
pile,-0.09185054913215816
pill,-0.24002214188015195
pillow,0.11314998566886718
pilot,0.16838459804292524
pin,0.04728530742625097
pinch,-0.01362925270664513
pink,0.006776025349560139
piss,0.12312369798625558
pity,-0.1774115283746954
place,-0.2145960084541954
placebo,-0.12403706293976716
plague,-0.01182132046328706
plain,-0.042732366166421974
plan,-0.06768395834595695
planet,0.00016459627931490867
planner,-0.28396017757274494
planning,-0.0390129854199668
plant,-0.023231785758582958
plate,0.025256031839230392
platform,0.023143865098907423
play,-0.0976740952812779
playing,-0.21334606768727837
playlist,-0.19546125740037165
pleasure,0.007282523735798438
plenty,0.2369233300621188
plot,0.031605684430727
pls,-0.18575252117906457
plus,-0.08749573220104526
pm,-0.3038014432490891
pmdd,-0.14940536010657227
png,0.06586597889949665
pocket,-0.09959745896622081
podcasts,-0.11610170260771009
point,-0.5881110924625806
pointless,0.03270307505875685
poison,0.006312703317588584
poke,0.0003508513549015688
police,-0.04845818050400853
poll,0.1847746400026324
pomodoro,-0.025517349951301994
ponder,0.056639291447455636
poo,-0.0009322258038381251
poop,-0.0260575299029351
poor,-0.4888437812074072
pop,0.37609958067574834
porn,0.17279273052011793
pornography,0.008177652743595654
portal,-0.06335914637633212
portion,-0.1539320015466337
position,-0.12866277359879388
positive,0.12177114733535827
possess,0.024105790901780763
possibility,0.0056528132313790015
possible,0.30261203032249157
possibly,0.26317005937368765
post,-0.42081909954830443
pot,-0.00019313011532006777
potato,-0.04471259657892144
potential,0.00044447142877638836
potentially,0.07248467008934249
pound,-0.007937713761568686
powder,0.060336896252022355
power,-0.03883172375047279
powerful,0.11332265109581194
ppl,0.04438244982714869
practically,-0.09697923803883904
practice,0.09365056430378574
pray,0.09182589890886661
pre,-0.061884350263047984
predator,0.05232616268310561
preface,0.0953838585721694
prefer,0.031402603341872816
preferable,0.012351748173160005
pregnancy,0.0215092731538363
pregnant,0.06387107708082831
prep,-0.027360914502135424
preparation,-0.05323930274270473
prepare,-0.18742874758227807
prescribe,-0.3022780250103031
prescribed,-0.09531662514880199
prescription,-0.5460468896187232
presence,-0.04958522663402161
present,-0.2763219562715721
press,-0.17288104679289268
pressure,-0.077347596020346
pretend,0.08772092715728963
pretty,-0.2282944672798029
prevalent,-0.12894551888759043
prevent,-0.014055695106127196
previous,0.033149021944205125
previously,0.01682515341065014
price,0.07730745970221196
pride,0.1055398603079689
primarily,0.08050859588677005
primary,-0.016282880210235787
prior,0.07197648830764602
prioritize,-0.02987154444844204
priority,0.02561412063560308
prison,-0.029639612546680665
private,-0.11136390431318993
privately,0.08203856631514239
pro,0.08250470668101545
probably,-0.2649205044679807
problem,-0.6411940313467512
proceed,-0.16231040895974153
process,-0.6796693179296197
processing,-0.06412189433862328
procrastinate,-0.32972299870235083
procrastination,-0.5093823146530541
produce,-0.05675676249398261
product,-0.10672934447839508
productive,-0.46290541955118625
productivity,-0.01508010173189176
profession,0.004098955690348157
professional,-0.05208328097543206
professionally,0.01784825635949632
professor,0.07388843407381986
profile,-0.03639407150072958
program,0.15492511454043179
progress,0.13114797447936913
progressively,-0.021900805104230394
project,-0.1946283814109163
prominent,0.07137120529824507
promise,0.19560507919067105
promote,-0.3811516134888167
proof,0.15136149693583173
proper,0.10096762470803534
properly,-0.01871696482540432
property,-0.005872734117747685
protect,0.010515491402170873
protein,0.04805341812498526
proud,-0.21337163561186848
prove,-0.060080772813707446
provide,-0.1931479773778981
provider,-0.1105012135249377
provoke,0.07443666906478627
prozac,0.624140865724486
ps,0.05720233310913403
psilocybin,0.27780533143494995
psych,0.0349846831830766
psychiatric,0.1386613239851223
psychiatrist,-0.17460843427396075
psychiatry,-0.18726268128880227
psycho,0.17309760452745407
psychological,0.11982520087219105
psychologist,-0.14054448885854887
psychology,0.5291053908654549
psychopath,0.11077374582252818
psychosis,0.21765683354559373
psychotic,0.19275031343593682
ptsd,-0.056694930220869154
public,0.2091225770762285
puke,0.0010422596970204236
pull,-0.3981671036743688
pulse,0.04196524939389395
punch,0.05988151266592336
punish,0.1771985846212862
punishment,0.11595982820648748
purchase,-0.14692348161904792
pure,0.27981623062077826
purely,0.015390984223092237
purple,-0.011506283104586753
purpose,-0.29691816047168823
purposefully,-0.002540745340492764
purposely,0.14867872326934622
pursue,-0.03333061156745119
push,0.16878802240327848
qualify,-0.014352048224098917
quality,-0.19834679770122232
quarantine,-0.3243743070312227
quarter,0.013790217855929075
question,0.03517357567522019
questionnaire,-0.01816832966855762
quick,-0.19016331304176867
quicker,0.030690434799492024
quickly,-0.0533993363620629
quiet,-0.11240738785781047
quirk,0.03652767567971137
quit,-0.09290586187732264
quite,0.28972903710947473
quote,0.2578570151848
rabbit,0.0870884611788273
rabies,0.05283167500760781
race,-0.2472477176728392
racist,0.0170751827456082
radar,-0.12252453003649738
radio,0.01117272762304223
rage,0.03536012902710693
raise,0.30496889563686486
ramble,-0.04312203079190945
ramp,-0.07890690303166661
random,-0.5722009873983095
randomly,-0.09370945606591345
range,0.42052581744215484
rant,-0.0249573035032976
rap,0.004055727826893264
rape,0.10949625804137182
rare,0.020640008597182093
rarely,0.10127005511338202
rate,-0.0031211474304267592
rational,0.04293321486683341
rationalize,0.012469473519505888
raw,-0.01853527058972659
reach,-0.23908762842225234
react,0.07275481189781403
reaction,0.11075608963073104
read,-0.11257156987538028
reader,-0.050831590325221825
reading,-0.23399126948099533
ready,-0.14713536395344462
real,0.7600439297326976
realisation,0.0009286952525957125
realise,0.22798174898509505
realistic,0.04270865662890929
realistically,0.042767590909917205
reality,0.5733580374803702
realization,-0.04152744120031122
realize,0.03501641480335525
rearrange,-0.06361870975123138
reason,-0.14829881594602912
reasonable,-0.09904697503306663
reasoning,-0.01209545399046678
reassurance,0.7985859718550299
reassure,0.08576250849909024
recall,0.1562325600712989
receive,0.2656702902907632
recent,-0.037624707797364446
recently,-0.13770590180278297
recieved,0.15184010851960472
recognise,-0.03318304791097414
recognize,-0.0937236109063609
recollection,0.04981974594166263
recommend,-0.21620406514914559
recommendation,-0.2535537236034075
record,0.26368909877462376
recover,-0.022178996677706682
recovery,0.5128151087223654
red,-0.0011809304352045802
reddit,-0.1927404889106642
reduce,0.2837560913941529
refer,-0.25428750581541726
reference,-0.2613336311473271
referral,-0.2696341650143597
refill,-0.047927665046153464
reflect,-0.1965114701965707
reflection,-0.01907033852672561
refuse,-0.12288736274385106
regard,0.08441797872731514
regardless,0.05456787106004832
region,-0.013876449511963988
regret,0.1330764206789886
regular,-0.3278978855180913
regularly,-0.004723854411088714
regulate,-0.16064298771883556
regulation,-0.056771528015472125
rehearsal,0.053840363664303996
reject,-0.2666670631982586
rejection,-0.562266636423996
relapse,0.09967412545489054
relatable,0.013952830639337369
relate,-0.3411199885766867
related,-0.07625700194313621
relation,-0.071788603039536
relationship,0.09241455318651157
relative,0.15469522293885274
relatively,-0.32611970719343414
relax,-0.09898821552293674
relaxed,0.010613271719208096
relaxing,-0.007157042357768001
release,-0.2426512450672365
relevant,0.082604864207707
reliant,-0.042080659597976744
relief,0.037947215751150044
relieve,0.10495387014268223
relieved,0.07573783588151699
religion,0.028899902546605943
religious,0.2550369674223679
rely,0.11011955149428462
remain,0.10705843037653223
remedy,0.0011665893127572353
remember,-0.46572619850168623
remind,-0.31642175847149917
reminder,-0.0739502463249941
remote,0.021401346144665916
remotely,0.0309793952304215
remove,0.04838502657524963
rent,-0.11829914657449653
repeat,0.045731955205730264
repeatedly,0.1987230662292807
repetitive,0.04715004762130859
replace,0.024980730455258154
replay,0.0026171600046404953
reply,0.2952041043589081
report,-0.006533417672980846
repress,0.0723319863745101
repressed,0.04369227402956331
request,-0.05219914462309457
require,-0.2393224198614722
reschedule,-0.0987331018389705
research,0.07423378778760355
resemble,0.003830970310403902
resentful,-0.05236565314355313
resist,0.06512915583385055
resistance,-0.001266380553166971
resolve,0.051022445049365914
resonate,-0.09837767934531925
resort,0.06376026793359926
resource,-0.1284213708686714
respect,0.008220368919128362
respond,-0.10880341646115312
response,0.23108387583789133
responsibility,0.1411573779564201
responsible,0.050161292184569696
rest,-0.25407308861074923
restaurant,-0.1353165531729628
restless,-0.19648127254423117
restlessness,-0.3117712990385214
restrict,-0.053478034391486684
result,0.25390878200119543
resume,0.07889500061803023
retake,-0.024708017266520246
return,0.11271575277089185
reveal,0.028990179728564703
review,0.13295512980305377
revolve,0.0672708155836649
reward,-0.2929024426629839
rewrite,0.3658859457793346
rhythm,0.20374396966090408
rid,0.11852287100158171
ride,-0.19628413445790538
ridiculous,0.14204454452351506
right,0.5941314093894015
ring,0.11482974776014258
rinse,-0.35178165545137374
rip,0.08515951241559772
rise,-0.00582368335362634
risk,0.013424500668807916
ritalin,-0.6847901009236282
ritual,0.3167229774857396
ritualistic,0.11792110240045964
rn,-0.08306978491790902
road,0.06732197482348054
robot,0.01970950694938983
rock,0.07911712404921857
role,0.0415818009531009
roller,0.04653782861395392
romance,-0.01759742884807256
romantic,-0.00922212173366226
room,-0.026933216987888472
roommate,-0.0031091872214748816
root,0.10442053111657251
rough,0.06814266944143196
roughly,-0.02681805871858697
round,0.03735328871780141
route,-0.08832036100320323
routine,-0.21152736164837765
row,0.050908143955079976
rsd,-0.23477124431276672
rub,0.14840504908915975
rude,-0.1320575492958004
ruin,0.38847646960946475
rule,-0.02001128725965348
ruminate,0.4449053335432491
rumination,0.1166570689113788
run,-0.30668555875492287
rush,-0.06975043860650683
sabotage,0.10234943841349751
sacrifice,0.011646740969967921
sad,-0.23492164797536247
sadly,-0.06314199263425488
sadness,-0.7594524404212817
safe,0.038951636241837485
safety,-0.06953945584847372
saga,0.05418467098562264
sail,-0.061222595781922885
sake,0.045364509465924595
sale,-0.10855775794009051
salt,-0.14275407629435652
satisfaction,-0.03219944147771945
satisfied,0.0541933235316845
satisfy,0.03681555110255196
saturday,-0.08301867905685287
sauce,-0.0018637953662096055
save,0.21365840709780234
saver,-0.019721033633953014
saw,-0.09330639077737372
say,0.07898442889720307
scale,0.28535393709883733
scan,0.13567647161817986
scar,0.6376220685682399
scare,-0.12570954388818026
scared,0.25852046633186293
scary,0.15788338356417198
scenario,-0.14201099033995035
scene,0.1011434511242053
schedule,-0.2768779640053299
scheme,-0.062376783624963045
schizophrenia,0.32886353155422127
schizophrenic,0.3242516233685715
school,-0.4072252873854411
schooling,-0.0001502968584434087
schoolwork,0.028219517547460025
science,-0.2576379342217761
scientific,0.03303527480511401
score,0.09837206716917091
scratch,0.14933868425996377
scream,0.045643644381009534
screen,-0.25678176749105175
screw,-0.2699440844357881
scribble,0.001991468880975749
script,-0.07086980706907724
scroll,-0.07764842129150747
scrupulosity,0.05339728414097739
seal,0.041129423534360575
search,-0.1857707030904904
season,-0.024833850517415913
seasonal,0.07268099448030924
seat,0.08807576449584532
second,0.1110624193889158
secondary,-0.0630927593554769
secondly,-0.06890522504919194
secret,0.04461921912386944
secretly,0.11679727238885461
section,0.014993494582172326
security,-0.0019776234850178136
seek,0.7600959505264039
seemingly,-0.38982852761777853
seizure,0.2076614526419004
self,-0.5407085416182184
selfish,-0.08700744636159065
sell,0.12659264602238157
semen,1.2607703928305287e-05
semester,-0.46076016170841777
send,-0.037826992680992766
senior,-0.035954367169189254
sensation,0.33573786725047294
sense,0.1459098717849552
sensitive,-0.0668573986865939
sensitivity,-0.31539876348413765
sensorimotor,0.10986210924749773
sensory,-0.006356778945439153
sentence,-0.013146723229276555
separate,0.10843649252378716
september,0.16635082386736985
serial,-0.012202632738050409
series,-0.07280443844557685
seriously,0.120395537747786
serotonin,0.045074397398426176
sertraline,0.4809084528166205
serve,0.15364208236185348
server,-0.04034574637764025
service,-0.17972581233097495
session,-0.018781133406178176
set,0.027819959365049725
setting,0.012527788445851309
settle,-0.09358028505241621
seven,-0.0003363067201923772
severe,0.09463622274261826
severely,-0.2795019032500871
severity,0.027992156747317923
sex,0.1163559370977396
sexual,0.5759509651960018
sexuality,0.09732673193566847
sexually,0.23163890298046413
sexy,0.07953727856799019
sh,-0.007583106960830259
shake,-0.2586492861171823
shaky,-0.04508220815010405
shame,-0.2394257883732365
shape,-0.09268651782150085
share,-0.060020972360623114
shave,0.013108504360636727
shed,-0.08599695131459764
sheer,0.0002939892407064102
sheet,0.03667783080101004
shelf,-0.11407125815883842
shes,0.06108661230754628
shift,0.16740132706020336
shiny,-0.14879447346535668
shirt,-0.1327535970987102
shit,-0.13442468158694915
shitty,0.22712037477818367
shock,-0.017313859138616428
shoe,0.048023936831362184
shop,0.16070500896971418
shopping,0.052079871632562766
short,-0.44776022356191286
shortly,-0.031500121129727235
shot,-0.033694711154572315
shoulder,0.0013377264889230017
shout,0.01875073738141299
shove,0.00294810117075233
shower,0.18062546921567751
shut,-0.04381242375305019
shy,-0.0037076018655906344
sibling,-0.006253882533279716
sick,0.20456610725286956
sidetrack,-0.0017340252169758103
sigh,-0.06397225584269434
sight,-0.12415533418161459
sign,-0.0316480677937565
significant,0.37115301903524833
significantly,0.2581852963852787
silence,-0.07940893368572796
silent,-0.1830608622648592
silly,0.006215041286040177
similar,0.1141730794719292
similarity,-0.0006702926152038899
simple,0.17288973248292672
simply,-0.011861620122244478
simulation,0.0009427872810617439
simultaneously,-0.03660457716958231
sin,0.046382212100707254
sincerely,-0.040560652297583905
sing,-0.24910676643154991
single,0.006763849515927796
sink,0.0434674941106528
sister,0.17483894062725058
sit,-0.6743846632925846
site,0.3659377796716913
situation,-0.15888920095467035
situational,-0.05763786686539572
size,-0.14348044791470313
skate,0.016132154104612006
skill,-0.27296412036271167
skim,-0.04617848041993814
skin,-0.18316398019658112
skinny,-0.04826615159922981
skip,-0.055276865475194455
sky,0.05267084761713945
slack,-0.0005996302159605942
slam,0.03284729558405849
slap,-0.07019048266842703
sleep,-0.23846919201511996
sleepiness,-5.9840986917628536e-05
sleeping,0.021428706858989
sleepless,0.21471732234954302
sleepy,-0.3340230679678449
slept,-0.16690182326889155
slide,0.025730684915928462
slight,-0.05383773493574758
slightly,0.09932148557646982
slip,0.12036111829856103
slow,-0.1954866108731124
slowly,0.15544493804612994
sluggish,-0.00030551777376107035
slur,0.026637820105494515
smack,-0.14184545335775853
small,-0.13281949918916677
smart,-0.21896148125723894
smarter,-0.1932599573616481
smash,0.1291942368873377
smell,0.09125607667428244
smile,0.0020095824804533396
smoke,0.07968821447522043
smoking,-0.167591309035946
smooth,-0.0596162545941072
smoothly,-0.06370461365158607
smth,-0.07026116491659078
snack,-0.0075253123430979105
snap,-0.047648967134249494
snappy,0.004170535405967322
sneak,0.0001688613931582722
sneaker,0.1237498518573198
soap,0.19526084740535352
sober,0.10077811565033305
social,0.22702117433916502
socialise,-0.05427291770087888
socialize,-0.013791882105236412
socially,-0.2241700621007655
society,-0.16110635429199277
sociopath,0.11286014139945584
sock,-0.07746227244587826
soda,0.16237963061360758
sofa,0.057073304003677286
soft,0.0029290690859071415
solely,4.5936640983562745e-05
solid,0.04246739756316558
solo,-0.05455615572521779
solution,-0.05761064515594221
solve,0.054113992491210496
somebody,0.03226706712218865
somethings,0.1991965503568413
somewhat,-0.3057786872466149
son,-0.3673098574669492
song,-0.3953411674764631
soo,-0.06621095159580107
soon,-0.293036783291477
sooner,-0.0027150716321573507
sooo,-0.10683146953845035
soooo,0.09057136312615555
sophisticated,-0.06933225649407024
sophomore,-0.0011093853143008439
sore,-0.007394459384515135
sorry,0.14303676433495519
sort,-0.3032741714216651
sorta,0.01287254648224922
soul,0.009844568457910577
sound,0.4748887136655636
source,0.04512294506748108
space,-0.20444963492272017
spacey,-0.03216206505130666
span,-0.14137912660360474
spanish,-0.005087559950747872
speak,-0.013484473967791096
special,0.1809182888335393
specialist,-0.09680779185123801
specialize,-0.06814154398877525
specialty,-0.10499715146575227
specific,0.13599439144277686
specifically,0.018675796869259183
speck,0.022059711774875913
spectrum,0.029039077222602877
speech,-0.12688540408377144
speed,0.05226997859397769
spell,-0.17289711830601925
spend,0.04171693059297903
spending,-0.014581925177485567
spent,0.1724815684521022
spice,-0.06012434352260147
spider,0.0029569681202463124
spike,0.00896020568454672
spill,0.0033751210367203594
spiral,-0.2781309652845305
spirituality,0.020634470181414958
split,-0.0637672785220355
spoil,0.0052839678214742685
spoiler,0.0487853729490302
spoken,-0.19300730581663753
sport,0.0324220698092277
spot,0.005722727009368345
spotify,-0.027965874414658847
spray,0.0074287387892211214
spread,0.06631690551525986
spree,-0.0022257398716002087
spring,0.007990358226265022
sprinkle,-0.0013198488452881526
square,-0.01897296860425288
squat,-0.019188953596340274
squeeze,0.02771392370541278
squirrel,-0.2914225462726235
ssri,0.5693779074608254
ssris,0.2764909056633266
st,0.005798952472669488
stab,-0.17142611628730736
stability,-0.05669116280032483
stable,-0.05291874801709025
stack,-0.0018990014138485429
staff,0.03554737471700684
stage,0.07509447618774755
stain,0.09346481575994973
stair,-0.06983025070185574
stand,-0.15718682361857436
standard,-0.0730107176745761
standing,0.06148498486977119
star,0.03576283563102191
starbucks,-0.011670061615911475
stare,-0.10195410883396717
staring,0.031155874892880676
start,-0.29607672651660133
starve,0.018781737058459813
state,-0.18415354322238736
statement,-0.043823435657503934
station,-3.937160586935367e-05
stationary,0.006093142458172658
stats,-0.15655491951837508
status,0.01748703414017463
stay,-0.08817103912529183
steadily,-0.025150736444118395
steal,-0.0022449733936888696
stem,-0.04469118763279143
step,0.09848205200975775
stereotype,0.10780080392510141
stereotypical,0.12299050309280381
stfu,0.12003673582139673
stick,0.19751785340167033
sticker,0.019854636903687287
stiff,-0.02693377394715353
stigma,-0.006602130137833217
stim,-0.04059523102584857
stimming,-0.008903183267508084
stimulant,-0.7187243427841727
stimulate,-0.004271111102751187
stimulation,-0.19306545359197838
stimulus,-0.20972797952803893
stitch,-0.001027348556936332
stock,-0.0022618629640648548
stomach,-0.021552402367993887
stone,0.02578221879630585
stop,0.577475924188493
storage,-0.07423817187720036
store,-0.01731107332095266
storm,-0.004856215649205327
story,-0.2941887197923836
stove,0.041168878857303526
straight,0.29293328531796864
strain,0.05754242966342574
strand,0.0013912096699584724
strange,-0.010885410571532108
stranger,0.04207210426113709
strategy,0.05698092625917619
straterra,-0.038064391788661264
strattera,-0.3496838851578331
streak,0.035970863805635245
stream,0.06861368270193453
street,-0.2506687986667113
strength,0.0258982095682701
stress,-0.33827994851372145
stressed,-0.11812859756346676
stressful,-0.1319244280668501
stretch,-0.09562214453944295
strict,0.22850429983373724
strip,0.0026916231371716995
strive,-0.0700593409023188
strong,0.11804662195099903
strongly,0.15304942896113374
structure,0.23653568331220345
structured,-0.050684424907997946
struggle,-0.2003857211423461
stuck,0.10742366676196245
student,-0.5279747809875149
study,0.05104419673477213
studying,-3.259798018438418e-05
stuff,-0.47852439411826964
stumble,-0.07031167719957268
stupid,-0.14639803273549604
stupidly,0.03395079502724558
stutter,-0.004222210795547689
style,-0.08406164368965639
sub,0.023292762209704502
subconscious,-0.052871940031772965
subconsciously,0.09729036316407164
subject,0.5511958431561564
submit,-0.10583329533081917
subreddit,-0.15075936630391767
subscription,0.04370366771250183
subside,-5.418172999088548e-05
substance,-0.04273251382079597
subtle,-0.02393586469097521
subway,-2.5060251795590912e-05
succeed,-0.2751251101814084
success,-0.2593148019787349
successful,0.2174425020821678
successfully,0.0026992088138379187
suck,-0.04715251163720919
sucky,-0.06597187310249508
sudden,0.021153508327710232
suddenly,-0.144163021948359
suffer,0.3372060816692958
sufferer,0.04541171137895486
suffering,0.1042556012904733
suffers,-0.2395530000381287
sufficient,-0.0010591179875824364
sugary,-0.01743319491296951
suggest,-0.051931183660443754
suggestion,0.17673111555106485
suicidal,-0.07484495954636505
suicide,0.15826782336103604
suit,-0.003343762263291635
summary,0.14318579588566263
summer,-0.11725593644558965
summon,-0.11603305049345702
sun,0.03694864540768021
sunday,-0.013551533655196499
sunlight,-0.0014477353963781336
sunny,-0.11248768788769022
super,-0.1425617250488001
superior,0.011406841010324149
superstition,0.10058033022703763
supervision,-0.0010264085233947769
supplement,0.12480778211872877
support,0.5123388620514813
supportive,0.08389021600655004
suppose,-0.265392780380254
supposedly,0.07111911319120093
suppress,0.06258460126554063
suppressant,-0.05145567319306342
sure,0.00320571551899799
surely,0.0329421635268654
surface,-0.11691973196681169
surgery,0.028136802770578145
surprise,0.06466642665305669
surprising,-0.27407524909383824
surprisingly,0.04470668096636027
surreal,0.02886027867081345
surround,-0.16749565612607328
surroundings,0.08532288257170768
survive,-0.11147836629693866
survivor,0.00957791968162169
suspect,-0.0005864547738326439
suspicion,-0.01877766377594998
suspicious,-0.06374718429819778
sustain,-0.10336076287495236
swallow,-0.03961472294122224
swap,0.02036451622221308
swear,-0.3258270240592806
sweat,0.059606417660720716
sweaty,-0.19335548175451753
sweden,-0.1580807740509166
sweet,0.013198813028089255
swim,-0.12901995565848084
swing,-0.09262533265412828
swipe,0.26753475790261144
switch,0.044929943911162895
switching,-0.015624421559820597
sympathize,-0.003968082068686721
sympathy,-0.0021070135051779668
symptom,-0.1470141011345994
symptoms,-0.12128426664988945
symtoms,0.004981905086835314
syndrome,0.06458523877948238
tab,-0.29461200552949685
table,-0.025433684699002843
tablet,-0.006168928309491915
tackle,-0.0002873133964197836
tactile,0.01551575517679702
tag,0.021726754380656955
taint,0.024421028094613825
takeout,0.1379408401901261
taker,-0.10806390320462574
taking,-0.0009428350378323805
talented,-0.006311870513958881
talk,-0.2528946174462601
talkative,-0.0166089275850708
tall,0.004689832111181753
tangent,3.0730884316813587e-06
tangible,-0.000160243189623625
tap,0.07530543511318452
tape,-0.04104103358330749
taper,0.027984482089535634
target,0.008775900141389738
task,-0.6619223826116981
taste,0.05291446969792995
taunt,-0.040711104086792904
tax,0.04394108968665733
tbh,-0.07503293889897199
tea,0.08082738842106696
teach,-0.018588515250012694
teacher,-0.23492331931936833
team,0.11818603286870191
tear,-0.12571138951363256
tease,-0.1394042169299298
tech,0.018373787144851175
technical,0.03400051940780404
technicality,0.01600982830295673
technically,0.07218485152561412
technique,-0.1475258120934537
technology,-0.0017279037629261804
ted,0.00012649692538196244
tedious,-0.05540683834222931
teen,0.16146593302986278
teenage,0.0007496999970952104
teenager,-0.015171402207054235
teeth,-0.08020139496549163
telehealth,-0.061158947765276826
telemedicine,-0.12950331791077307
tell,-0.19006350645591588
tells,0.2325987042800352
temper,0.004896252923658613
temporarily,0.001869569514751375
temporary,0.045750677737213856
tend,-0.11749828180863581
tendency,0.3034381231576646
tense,0.21896880474960714
tension,0.012722738872794877
term,-0.25252732848914966
terrible,-0.05960960664800646
terribly,-0.04319963606125585
terrified,0.27172226859867715
terrify,0.3352126308864918
terrifying,0.15431005071922388
test,0.0419639166599483
text,0.14008419138175085
textbook,0.03499494936478214
texting,-0.4520389001303508
texts,0.054533756003937596
tf,0.06394773546563022
th,-0.012327788877463062
thank,0.3318867788982077
thankfully,-0.0793104985437406
thanks,-0.038984435997010215
thats,0.1002474481747703
theme,0.6062970433391472
theoretical,0.01805691918369731
theory,-0.006403489040379346
therapist,0.22157844680350267
therapy,0.6001897229367539
theres,0.05765527774594226
thesis,-0.4430657590873868
thigh,0.03240579301901228
thinking,0.09131943530913529
tho,0.26967307478095287
thoroughly,0.0025374143176077517
thought,0.8098304861540722
thoughtful,0.10881887610483468
thoughts,0.12014540352924508
thousand,0.07639134178573247
thread,-0.4660387136060986
threat,-0.03391450738434149
threaten,-0.21294380712021485
thrive,0.0981168889781462
throat,-0.011609186782768045
throw,0.14216084816776678
throwaway,-0.025863905974638297
thursday,-0.014358359636310018
thx,-0.1225726769012719
tic,0.20339350692825575
tick,0.06887570890042367
tidy,0.08443935704248591
tie,-0.05678333729672756
tight,-0.01816152323499938
tighten,-0.14732833796444364
tiktok,0.008840490862987632
tile,-1.359474525076963e-05
till,-0.10563714636850595
timeline,-0.3520312628454107
timer,-0.036999312175653255
tingle,0.015756876230537717
tiny,-0.16001756692977848
tip,-0.513046721057049
tire,-0.09192416416463736
tired,-0.03350724237146478
tiring,-0.10967638996035871
title,0.16224956298394405
tl,-0.10917528545824655
tldr,-0.19100194311237625
tmi,-0.04239659714950153
toast,-0.05056025218566064
today,-0.6682484953263189
toe,-0.0036282731177217035
toilet,0.11095769180928827
told,-0.01938177623557936
tolerable,-0.00035996706203196907
tolerance,0.014359669690476168
tolerate,0.09971948432987297
toll,-0.11507311768607995
tomorrow,-0.694333683504368
ton,0.16491070891166656
tone,0.07483622267157675
tongue,-0.12460792929781794
tonight,0.2596033135225057
tool,-0.05287457606879961
topic,-0.3917511961610569
torment,0.009479574239353939
torture,0.04433826991693376
torturous,0.07781611448840879
total,0.007942740517633972
totally,-0.07852956223772765
touch,0.6528084919627043
tough,0.07097365045723329
tourette,0.24678445768232976
towel,0.006942662978606744
town,0.0004723936208072322
toxic,-0.11647505988465577
toy,0.07774062672965718
tp,0.06720569741219456
trace,0.3397698013816678
track,-0.1289073903267004
trade,-0.017414101789310233
tragedy,0.022865934929918796
tragic,0.0026041107796213638
train,-0.013163631327001098
trainer,-0.02033601359654342
training,-0.03873339187611262
trait,-0.054615592508676813
trans,0.030324660890342695
transfer,0.005647482129457998
transition,-0.07878025414286241
translate,-0.12789551576675764
transphobic,0.019796398508522495
trap,0.01842406352132281
trash,-0.10631235562363296
trauma,0.15201704939370483
traumatic,0.1332727844727503
traumatize,0.036592897004733116
travel,0.04157872940720095
treat,-0.1887664773092463
treatment,0.016461628929169064
tree,0.001109977815284833
tremendous,-0.02093940002752837
tremendously,0.0028626878153529367
trend,-0.09262776144735643
trial,-0.22085930021677852
trick,0.03213872354893904
tricky,0.09561254986292009
tried,-0.021306527705512623
trigger,0.7734627220662027
triggered,0.08918385364918187
trip,-0.22019271504799434
trippy,-0.38668408174235314
troll,0.08170117688482215
trouble,-0.19366215104154283
troubling,-0.02337608895579136
truck,-0.11197231239824576
true,-0.04352025611532886
truly,0.5639023850666915
trust,0.37452826715590476
truth,0.06706614554850406
truthfully,0.0067544904778413075
try,-0.0649626946538382
tryna,-0.06313757911269506
tuesday,-0.003817373617608649
tug,-0.08598064229016399
tunnel,-0.06925013120318976
turkey,0.14855914901689188
turn,-0.35105628553600005
tv,-0.42561854580012976
tw,0.18941564706738992
twice,0.048586738774200555
twist,0.1697094983433803
twitch,0.03439313387327979
twitchy,0.000950305859160747
twitter,-0.0077214498384690945
type,-0.0038482952049829584
typical,-0.04264340406998236
typically,0.030097234915092613
typo,-0.04553867296439646
uber,-0.03911723695447549
ugh,0.04075048703034628
ugly,-0.018306552939754465
uh,-0.08165184955688096
uk,0.004610509194589381
ultimate,0.0030590332398530524
ultimately,0.034168172482428615
ultra,-0.13996094106647206
ummm,-0.13331466096384234
unable,-0.09231381079595838
unaware,-0.08324537191378373
unbearable,0.21342590768318598
uncertain,0.0512819365529038
uncertainty,0.20917117491364504
uncle,0.17796334899991567
uncomfortable,-0.3034842583799054
uncommon,0.014614547777314045
uncontrollable,-0.0192486252170105
underage,0.022744676334060722
undergrad,-0.009348230661132266
undergraduate,0.07049774614585237
underlie,0.060716303327115445
underlying,-0.0009793100805844655
underneath,-0.013126371848657895
understand,-0.33083126432147597
understanding,0.03910924574311434
understimulated,-0.06408460448507254
understimulation,-0.011452689999950656
understood,0.05009928045416111
undertake,0.05300789220988839
underwear,0.0007885870968300962
undesirable,0.040748344967097665
undiagnosed,-0.494160000251557
undisciplined,-0.0007870747914794249
undo,-0.13297879652878902
uneasy,0.11241252397838197
unemployed,0.012068547114015326
unending,-7.566198293527626e-06
unexpected,-0.0010162545843148943
unfair,2.684728437172778e-06
unfamiliar,-0.03362874120692656
unfortunate,0.0008863334708442822
unfortunately,0.14952693106194123
unhappiness,0.09152913906387047
unhappy,0.0442603834888945
unhealthy,0.06833995921973768
uni,-0.15766014083259006
unimportant,-0.086107854853549
unintentionally,0.039778185819242466
unique,-0.1325850436059786
unit,-0.03762366681332499
universe,0.026482574784337663
university,-0.21615553040611402
unknowingly,0.005552091774508043
unknown,0.11182900750599396
unless,-0.12367648854519704
unlike,-0.01653249149410597
unlikely,0.057728003706940215
unlock,0.09116472887418646
unmedicated,-0.22696672906447352
unmotivated,-0.0072661710939038605
unpleasant,-0.2102040282417973
unpredictable,-7.207256026050732e-05
unproductive,0.234044990713655
unprofessional,-0.009182922640019
unrealistic,0.03963317395452039
unreasonable,0.0013584589944380624
unrelated,-0.035295530926759744
unsatisfied,-0.007862754466211791
unsettled,-0.001225202778143797
unstructured,-0.09962269907418203
unsuccessful,-0.029414735840362628
unsure,0.030321174166249014
unsustainable,-0.03208890519966004
untreated,-0.16977443803246745
untrue,0.01046086106819649
unusual,0.015389771945726034
unwanted,0.12863724171381472
unworthy,0.003973456689794011
upcoming,-0.01740496350704084
update,-0.07472240344467866
upper,0.0418660229194047
ups,0.02648119065037505
upset,0.08658875450947211
upsetting,0.025799609569625338
upside,0.01244389390530722
upstairs,-0.06801014864174197
upward,0.010076162568482615
upwards,0.014577333420806736
ur,0.09543235783119891
urge,0.49411929966397206
urgency,-1.1238364069185677e-05
urgent,0.21188996022920137
urine,0.07859172312989075
usage,-0.10886222525017235
use,-0.26425664366914314
useful,-0.13105324397255205
useless,-0.21713340584379687
user,0.014615108053166334
usual,0.03028661893674974
usually,-0.5135543987094606
utter,-0.007988964767037499
utterly,-0.003412653111416373
vacation,0.02705861759490177
vaccinate,1.7470373866507208e-05
vaccine,0.04197984188021993
vacuum,-0.001087188676660584
vagina,-0.04136105571874898
vague,-0.18869884511426618
vaguely,0.01323195903711349
valid,0.0005868180613878419
validate,0.05033715655526641
validation,0.03429905965000117
value,0.13032465375423952
vaping,-0.10697024547519267
variant,0.004160257681187996
variety,-0.07690759458077345
various,-0.008156727697151383
vary,-0.08787714920485015
vegetable,0.0019517180939157474
veggie,0.005785859433588427
vent,-0.13706949217159461
verbal,0.020806620263631264
verbalize,-0.1295354562845795
verbally,6.562269434519232e-06
verge,-3.0555343388157896e-05
versa,-0.026673719468284608
version,-0.20551335344287322
vet,0.008383973308319567
vibe,-0.1812722175302205
vice,-0.03693377940163286
victim,0.11058907575158466
victory,-0.13446893334576235
video,0.20720561589428704
view,0.5918338702384937
vile,0.07011913567139658
vinyl,0.1058286973886376
violence,0.08721929129091581
violent,0.20851334518413747
virtual,-0.3670555036234718
virtually,0.004406988293767988
virus,-0.018001946144625126
vision,-0.12309124897201189
visit,0.2838456089226892
visual,-0.10750613785807239
visualize,0.09112134963904885
visually,0.0017315757349548315
vital,0.0036904730496503087
vitamin,-0.04793176187942227
vivid,0.1038652852049956
vocabulary,-0.06919034207704909
vocal,0.02199888006513591
voice,0.2181340194060973
void,0.0457160080826397
volatile,0.013338015406109693
volunteer,-0.0012229776873187291
vomit,0.021451343207115697
vs,0.06419871840603027
vu,0.023424428063721102
vulnerability,0.01864146031518323
vulnerable,0.08282483435656146
vyvance,-0.16122352546510094
vyvanse,-0.9923416303849811
wage,-0.11210110669708812
wait,-0.5294264170682329
waiting,0.05685221106102379
waitlist,3.913323659490934e-06
wake,0.10475408978527424
waking,-0.12452149982240729
walk,-0.0853512553151411
walking,-0.002281558716448212
wall,0.09439296207872466
wallet,-2.713008238136075e-05
wander,0.08154901165682756
wanders,-0.0010612875705858379
wanna,0.24922489330979586
war,-0.024554683464135703
warm,-0.1806089467292077
warn,-0.10385798544268622
warning,0.056853328149587046
warp,0.0336022397079706
wash,0.4283420758068789
washing,-0.01479622286463199
wasnt,0.13142339513319826
waste,0.1569030896650464
wasteful,-0.019752849741108556
watch,-0.10660683568482876
watching,-0.02584277061978855
water,-0.21521982096226683
wave,-0.19319506235187947
way,-0.045146318265539796
weak,-0.13534240082700907
wear,0.10542761296713775
weather,-0.016691592071682228
web,0.08890036023571778
webp,0.032932989449748325
website,0.3513120630151242
wednesday,-0.1386735008808985
weed,0.17352980876556404
week,-0.0926661866586502
weekend,-0.30900358214450935
weekly,0.016583379173137052
weigh,-0.04980085700230028
weight,-0.2501508392125059
weird,0.4134013051974145
weirdly,0.04074369536365252
weirdo,-0.09352468073543894
welcome,-0.1243605820276447
wellbeing,0.1292246496247093
wellbutrin,-0.23453151558026278
welp,0.041575037192433786
wet,-0.05999545342584987
wh,-0.16322497464711688
whatnot,-0.059623592420661085
whats,-0.05019050464659143
whatsoever,-0.1015873007394988
whilst,-0.0003158531988406283
whip,-0.0005896777825634276
whisper,-0.023535770859494248
whistle,-0.021616055371248662
white,0.1130109618915992
wich,0.058837065639740005
wide,-0.16693090693437587
width,0.032932989449748325
wife,-0.26179694470228115
wild,-0.15255719468696066
wildly,0.05418991811079149
willing,0.04094284089107519
willpower,-0.001879127628502375
win,-0.03784990762297249
wind,0.022091975708366938
window,-0.05681523242828051
winter,-0.004438038625687836
wipe,0.10756557620446401
wire,0.029654028586601263
wise,-0.41588504546493243
wish,0.3994653381321988
wit,0.0005024716095172205
withdrawal,-0.032485890458964765
witness,-0.025935114801746196
woman,-0.06805236451428555
wonder,-0.38051010464615576
wonderful,-0.03110672111456793
wondering,0.005630568874135951
wont,0.00449639034633125
wood,0.028283276057372027
word,0.14118847160544817
work,-0.26143498715947905
worker,-0.022425766987733624
working,-0.09877716665712384
workload,-0.04533596214415736
workout,-0.018743968253077347
workplace,-0.13582367615357893
world,0.21314776386323195
worried,0.18476662278592576
worry,0.5018459309540004
worrying,0.04040145902558056
worse,0.13066777769469218
worsen,0.13976245300674073
worst,0.0028623028696593694
worth,0.286344200416331
worthless,-0.20965266408624028
worthwhile,-0.027085914220881812
wouldnt,-0.14715578754923533
wound,0.002674180317433865
wow,-0.5046309033579631
wrap,0.0005167992447963992
wreck,-0.04312241226557153
wrench,-0.03530324858380939
wrist,0.026081784548140967
write,-0.561286994255078
writing,-0.10185036379348113
wrong,0.3736717246079119
wrongly,-0.02494964603580963
wtf,-0.19280551605133547
www,-0.2522665657004579
x200b,0.22544665598221475
xanax,-0.05506631695024608
xl,-0.11702247415763789
xr,-0.07685366733983023
ya,-0.0632262677204812
yaknow,0.02993103624680875
yall,0.02254401872609187
yawn,0.007231707136213174
yay,-0.00794795720493566
yea,-0.20907080452920462
yeah,-0.2780279770574988
year,0.0873031347636585
yell,0.07066616925092793
yelling,-0.07197250353362113
yep,-0.08083846577065618
yes,-0.1359000085939694
yesterday,0.250571975255571
yo,-0.016558714050644074
yoga,-0.22206311767533665
york,0.03277652032882367
youd,0.015394731094874435
young,0.3154420887909644
youth,-0.00034243769147958183
youtube,-0.4500845971126202
youtubers,-0.17694846112875792
zero,-0.02485086334767919
zoloft,0.6023144452429873
zombie,-0.0710276574707371
zone,-0.13362272733445607
zoom,-0.005378401795562245
